"","sentence","token","duration","occlusions","participant","time","is_trill","no_occlusions","level"
"1","1","Roberto","81","2 + frication (dr)","sp1_P1E","POST","trill","2","sp1"
"2","2","Roberto","18","1 True","sp1_P1E","POST","tap","1","sp1"
"3","3","para","23","1 True","sp1_P1E","POST","tap","1","sp1"
"4","4","América","21","1 True","sp1_P1E","POST","tap","1","sp1"
"5","5","Caribe","31","1 True","sp1_P1E","POST","tap","1","sp1"
"6","6","pérdida","27","1 True","sp1_P1E","POST","tap","1","sp1"
"7","7","región","77","2 + frication (dr)","sp1_P1E","POST","trill","2","sp1"
"8","8","relacionada","38","0","sp1_P1E","POST","trill","0","sp1"
"9","9","rápida","81","0","sp1_P1E","POST","trill","0","sp1"
"10","10","tierras","76","2 + frication (dr)","sp1_P1E","POST","trill","2","sp1"
"11","11","para","24","1 True","sp1_P1E","POST","tap","1","sp1"
"12","12","pérdida","36","approximant","sp1_P1E","POST","tap","a","sp1"
"13","13","desarrollo","57","1","sp1_P1E","POST","trill","1","sp1"
"14","14","infraestructura","41","1 True","sp1_P1E","POST","tap","1","sp1"
"15","15","relacionada","111","2 + frication (dr)","sp1_P1E","POST","trill","2","sp1"
"16","16","carreteras","75","3 + frication (dr)","sp1_P1E","POST","trill","3","sp1"
"17","17","carreteras","22","1 True","sp1_P1E","POST","tap","1","sp1"
"18","18","para","19","1 True","sp1_P1E","POST","tap","1","sp1"
"19","19","carros","50","2","sp1_P1E","POST","trill","2","sp1"
"20","20","carrozas","58","2 + frication (dr)","sp1_P1E","POST","trill","2","sp1"
"21","21","rotundo ","65","2 + frication (dr)","sp1_P1E","POST","trill","2","sp1"
"22","22","productor","43","approximant","sp1_P1E","POST","tap","a","sp1"
"23","23","materia","48","approximant","sp1_P1E","POST","tap","a","sp1"
"24","24","relevante","70","2 + frication (dr)","sp1_P1E","POST","trill","2","sp1"
"25","25","minería","39","1 True","sp1_P1E","POST","tap","1","sp1"
"26","26","por","26","1 True","sp1_P1E","POST","tap","1","sp1"
"27","1","norte","22","1 True","sp1_P1E","POST","tap","1","sp1"
"28","2","acerca","32","approximant","sp1_P1E","POST","tap","a","sp1"
"29","3","sería","14","1 True","sp1_P1E","POST","tap","1","sp1"
"30","4","fuerte","15","1 True","sp1_P1E","POST","tap","1","sp1"
"31","5","repente","71","2 + frication (dr)","sp1_P1E","POST","trill","2","sp1"
"32","7","verlo","20","1 True","sp1_P1E","POST","tap","1","sp1"
"33","8","convinieron","22","1 True","sp1_P1E","POST","tap","1","sp1"
"34","9","primero","19","1 True","sp1_P1E","POST","tap","1","sp1"
"35","10","consiguiera","39","1 True","sp1_P1E","POST","tap","1","sp1"
"36","11","quitarle","23","1 True","sp1_P1E","POST","tap","1","sp1"
"37","12","seria","21","1 True","sp1_P1E","POST","tap","1","sp1"
"38","13","fuerte","26","1 True","sp1_P1E","POST","tap","1","sp1"
"39","14","norte","25","1 True","sp1_P1E","POST","tap","1","sp1"
"40","15","soplar","22","1 True","sp1_P1E","POST","tap","1","sp1"
"41","16","furia","23","1 True","sp1_P1E","POST","tap","1","sp1"
"42","17","pero","25","1 True","sp1_P1E","POST","tap","1","sp1"
"43","18","aferraba","76","1 True","sp1_P1E","POST","trill","1","sp1"
"44","19","norte","30","1 True","sp1_P1E","POST","tap","1","sp1"
"45","20","esplendor ","27","1 True","sp1_P1E","POST","tap","1","sp1"
"46","21","arrojó","64","2 + frication (dr)","sp1_P1E","POST","trill","2","sp1"
"47","22","norte","24","1 True","sp1_P1E","POST","tap","1","sp1"
"48","23","reconocer","51","1 + frication (dr)","sp1_P1E","POST","trill","1","sp1"
"49","24","reconocer","23","1 True","sp1_P1E","POST","tap","1","sp1"
"50","25","superioridad (a)","16","1 True","sp1_P1E","POST","tap","1","sp1"
"51","26","superioridad (b)","17","1 True","sp1_P1E","POST","tap","1","sp1"
"52","1","Roberto","120","0","sp1_P1E","PRE","trill","0","sp1"
"53","2","Roberto","49","approximant","sp1_P1E","PRE","tap","a","sp1"
"54","3","para","34","1 TRUE","sp1_P1E","PRE","tap","1","sp1"
"55","4","América","39","1 TRUE","sp1_P1E","PRE","tap","1","sp1"
"56","5","Caribe","32","approximant","sp1_P1E","PRE","tap","a","sp1"
"57","6","pérdida","41","approximant","sp1_P1E","PRE","tap","a","sp1"
"58","7","región","117","0 + frication (dr)","sp1_P1E","PRE","trill","0","sp1"
"59","8","relacionada","80","0 + frication (dr)","sp1_P1E","PRE","trill","0","sp1"
"60","9","rápida","60","0 + frication (dr)","sp1_P1E","PRE","trill","0","sp1"
"61","10","tierras","60","0 + frication (dr)","sp1_P1E","PRE","trill","0","sp1"
"62","11","para","24","1 tap TRUE","sp1_P1E","PRE","tap","1","sp1"
"63","12","pérdida","75","approximant","sp1_P1E","PRE","tap","a","sp1"
"64","13","desarrollo","136","0 + frication (dr)","sp1_P1E","PRE","trill","0","sp1"
"65","14","infraestructura","116","approximant","sp1_P1E","PRE","tap","a","sp1"
"66","15","relacionada","120","0","sp1_P1E","PRE","trill","0","sp1"
"67","16","carreteras","136","0 + frication (dr)","sp1_P1E","PRE","trill","0","sp1"
"68","17","carreteras","48","1 tap TRUE","sp1_P1E","PRE","tap","1","sp1"
"69","18","para","29","1 tap TRUE","sp1_P1E","PRE","tap","1","sp1"
"70","19","carros","46","2","sp1_P1E","PRE","trill","2","sp1"
"71","20","carrozas","77","0 + frication (dr)","sp1_P1E","PRE","trill","0","sp1"
"72","21","rotundo ","87","0 + frication (dr)","sp1_P1E","PRE","trill","0","sp1"
"73","22","productor","15","1 tap TRUE","sp1_P1E","PRE","tap","1","sp1"
"74","23","materia","26","1 tap TRUE","sp1_P1E","PRE","tap","1","sp1"
"75","24","relevante","113","0 + frication (dr)","sp1_P1E","PRE","trill","0","sp1"
"76","25","minería","111","approximant + frication (dr)","sp1_P1E","PRE","tap","a","sp1"
"77","26","por","34","approximant","sp1_P1E","PRE","tap","a","sp1"
"78","1","norte","66","0 approximant","sp1_P1E","PRE","tap","0","sp1"
"79","2","acerca","69","1 True","sp1_P1E","PRE","tap","1","sp1"
"80","3","sería","26","1 True","sp1_P1E","PRE","tap","1","sp1"
"81","4","fuerte","50","1 true","sp1_P1E","PRE","tap","1","sp1"
"82","5","repente","54","1 + frication (dr)","sp1_P1E","PRE","trill","1","sp1"
"83","6","viajero","22","0 (alveolar /t/ oral stop)","sp1_P1E","PRE","tap","0","sp1"
"84","7","verlo","81","0 approximant","sp1_P1E","PRE","tap","0","sp1"
"85","8","convinieron","37","1 True","sp1_P1E","PRE","tap","1","sp1"
"86","9","primero","43","1 True","sp1_P1E","PRE","tap","1","sp1"
"87","10","consiguiera","52","1 True","sp1_P1E","PRE","tap","1","sp1"
"88","11","quitarle","55","approximant","sp1_P1E","PRE","tap","a","sp1"
"89","12","seria","23","1 True","sp1_P1E","PRE","tap","1","sp1"
"90","13","fuerte","36","approximant","sp1_P1E","PRE","tap","a","sp1"
"91","14","norte","44","1 True","sp1_P1E","PRE","tap","1","sp1"
"92","15","soplar","57","approximant","sp1_P1E","PRE","tap","a","sp1"
"93","16","furia","28","1 True","sp1_P1E","PRE","tap","1","sp1"
"94","17","pero","25","1 True","sp1_P1E","PRE","tap","1","sp1"
"95","18","aferraba","33","0 + frication (dr)","sp1_P1E","PRE","trill","0","sp1"
"96","19","norte","37","1 True","sp1_P1E","PRE","tap","1","sp1"
"97","20","esplendor ","48","1 True","sp1_P1E","PRE","tap","1","sp1"
"98","21","arrojó","65","2 + frication (dr)","sp1_P1E","PRE","trill","2","sp1"
"99","22","norte","31","approximant","sp1_P1E","PRE","tap","a","sp1"
"100","23","reconocer","77","1 + frication (dr)","sp1_P1E","PRE","tap","1","sp1"
"101","24","reconocer","58","1 True","sp1_P1E","PRE","tap","1","sp1"
"102","25","superioridad (a)","37","1 True","sp1_P1E","PRE","tap","1","sp1"
"103","26","superioridad (b)","39","approximant","sp1_P1E","PRE","tap","a","sp1"
"104","1","Roberto","127","2","sp102_P1E","POST","trill","2","sp102"
"105","2","Roberto","26","approximant","sp102_P1E","POST","tap","a","sp102"
"106","3","para","22","1 True","sp102_P1E","POST","tap","1","sp102"
"107","4","América","18","1 True","sp102_P1E","POST","tap","1","sp102"
"108","5","Caribe","19","1 True","sp102_P1E","POST","tap","1","sp102"
"109","6","pérdida","27","1 True","sp102_P1E","POST","tap","1","sp102"
"110","7","región","90","0","sp102_P1E","POST","trill","0","sp102"
"111","8","relacionada","118","3","sp102_P1E","POST","trill","3","sp102"
"112","9","rápida","127","3","sp102_P1E","POST","trill","3","sp102"
"113","10","tierras","159","3","sp102_P1E","POST","trill","3","sp102"
"114","11","para","20","1 True","sp102_P1E","POST","tap","1","sp102"
"115","12","pérdida","22","1 True","sp102_P1E","POST","tap","1","sp102"
"116","13","desarrollo","139","3","sp102_P1E","POST","trill","3","sp102"
"117","14","infraestructura","20","1 True","sp102_P1E","POST","tap","1","sp102"
"118","15","relacionada","113","2","sp102_P1E","POST","trill","2","sp102"
"119","16","carreteras","114","2","sp102_P1E","POST","trill","2","sp102"
"120","17","carreteras","20","1 True","sp102_P1E","POST","tap","1","sp102"
"121","18","para","28","approximant","sp102_P1E","POST","tap","a","sp102"
"122","19","carros","102","2","sp102_P1E","POST","trill","2","sp102"
"123","20","carrozas","123","2","sp102_P1E","POST","trill","2","sp102"
"124","21","rotundo ","113","2","sp102_P1E","POST","trill","2","sp102"
"125","22","productor","16","1 True","sp102_P1E","POST","tap","1","sp102"
"126","23","materia","15","1 True","sp102_P1E","POST","tap","1","sp102"
"127","24","relevante","147","3","sp102_P1E","POST","trill","3","sp102"
"128","25","minería","15","1 True","sp102_P1E","POST","tap","1","sp102"
"129","26","por","23","1 True","sp102_P1E","POST","tap","1","sp102"
"130","1","norte","17","1 True","sp102_P1E","POST","tap","1","sp102"
"131","2","acerca","18","1 True","sp102_P1E","POST","tap","1","sp102"
"132","3","sería","23","1 True","sp102_P1E","POST","tap","1","sp102"
"133","4","fuerte","20","1 True","sp102_P1E","POST","tap","1","sp102"
"134","5","repente","74","1","sp102_P1E","POST","trill","1","sp102"
"135","6","viajero","21","1 True","sp102_P1E","POST","tap","1","sp102"
"136","7","verlo","35","approximant","sp102_P1E","POST","tap","a","sp102"
"137","8","convinieron","19","1 True","sp102_P1E","POST","tap","1","sp102"
"138","9","primero","27","approximant","sp102_P1E","POST","tap","a","sp102"
"139","10","consiguiera","26","1 True","sp102_P1E","POST","tap","1","sp102"
"140","11","quitarle","34","approximant","sp102_P1E","POST","tap","a","sp102"
"141","12","seria","19","1 True","sp102_P1E","POST","tap","1","sp102"
"142","13","fuerte","21","1 True","sp102_P1E","POST","tap","1","sp102"
"143","14","norte","20","1 True","sp102_P1E","POST","tap","1","sp102"
"144","15","soplar","27","1 True","sp102_P1E","POST","tap","1","sp102"
"145","16","furia","21","1 True","sp102_P1E","POST","tap","1","sp102"
"146","17","pero","21","1 True","sp102_P1E","POST","tap","1","sp102"
"147","18","aferraba","115","2","sp102_P1E","POST","trill","2","sp102"
"148","19","norte","21","1 True","sp102_P1E","POST","tap","1","sp102"
"149","20","esplendor ","24","1 True","sp102_P1E","POST","tap","1","sp102"
"150","21","arrojó","115","2","sp102_P1E","POST","trill","2","sp102"
"151","22","norte","25","1 True","sp102_P1E","POST","tap","1","sp102"
"152","23","reconocer","57","0","sp102_P1E","POST","trill","0","sp102"
"153","24","reconocer","26","1 True","sp102_P1E","POST","tap","1","sp102"
"154","1","Roberto","52","0","sp102_P1E","PRE","trill","0","sp102"
"155","2","Roberto","41","approximant","sp102_P1E","PRE","tap","a","sp102"
"156","3","para","37","approximant","sp102_P1E","PRE","tap","a","sp102"
"157","4","América","30","1 True","sp102_P1E","PRE","tap","1","sp102"
"158","5","Caribe","38","approximant","sp102_P1E","PRE","tap","a","sp102"
"159","6","pérdida","35","approximant","sp102_P1E","PRE","tap","a","sp102"
"160","7","región","46","0","sp102_P1E","PRE","trill","0","sp102"
"161","8","relacionada","42","0","sp102_P1E","PRE","trill","0","sp102"
"162","9","rápida","27","1","sp102_P1E","PRE","trill","1","sp102"
"163","10","tierras","36","0","sp102_P1E","PRE","trill","0","sp102"
"164","11","para","46","approximant","sp102_P1E","PRE","tap","a","sp102"
"165","12","pérdida","46","approximant","sp102_P1E","PRE","tap","a","sp102"
"166","13","desarrollo","26","1","sp102_P1E","PRE","trill","1","sp102"
"167","14","infraestructura","57","approximant","sp102_P1E","PRE","tap","a","sp102"
"168","15","relacionada","35","0","sp102_P1E","PRE","trill","0","sp102"
"169","16","carreteras","27","0","sp102_P1E","PRE","trill","0","sp102"
"170","18","para","48","approximant","sp102_P1E","PRE","tap","a","sp102"
"171","19","carros","34","0","sp102_P1E","PRE","trill","0","sp102"
"172","20","carrozas","31","0","sp102_P1E","PRE","trill","0","sp102"
"173","21","rotundo ","29","0","sp102_P1E","PRE","trill","0","sp102"
"174","22","productor","51","approximant","sp102_P1E","PRE","tap","a","sp102"
"175","23","materia","33","1 True","sp102_P1E","PRE","tap","1","sp102"
"176","24","relevante","38","0","sp102_P1E","PRE","trill","0","sp102"
"177","25","minería","54","approximant","sp102_P1E","PRE","tap","a","sp102"
"178","26","por","50","approximant","sp102_P1E","PRE","tap","a","sp102"
"179","1","norte","41","approximant","sp102_P1E","PRE","tap","a","sp102"
"180","2","acerca","29","1 True","sp102_P1E","PRE","tap","1","sp102"
"181","3","sería","30","1 True","sp102_P1E","PRE","tap","1","sp102"
"182","4","fuerte","37","approximant","sp102_P1E","PRE","tap","a","sp102"
"183","5","repente","23","1","sp102_P1E","PRE","trill","1","sp102"
"184","6","viajero","26","1 True","sp102_P1E","PRE","tap","1","sp102"
"185","7","verlo","42","approximant","sp102_P1E","PRE","tap","a","sp102"
"186","8","convinieron","48","approximant","sp102_P1E","PRE","tap","a","sp102"
"187","9","primero","35","approximant","sp102_P1E","PRE","tap","a","sp102"
"188","11","quitarle","54","approximant","sp102_P1E","PRE","tap","a","sp102"
"189","12","seria","34","approximant","sp102_P1E","PRE","tap","a","sp102"
"190","13","fuerte","43","approximant","sp102_P1E","PRE","tap","a","sp102"
"191","14","norte","52","approximant","sp102_P1E","PRE","tap","a","sp102"
"192","15","soplar","55","approximant","sp102_P1E","PRE","tap","a","sp102"
"193","16","furia","34","approximant","sp102_P1E","PRE","tap","a","sp102"
"194","17","pero","52","approximant","sp102_P1E","PRE","tap","a","sp102"
"195","18","aferraba","46","1","sp102_P1E","PRE","trill","1","sp102"
"196","19","norte","46","approximant","sp102_P1E","PRE","tap","a","sp102"
"197","20","esplendor ","43","approximant","sp102_P1E","PRE","tap","a","sp102"
"198","21","arrojó","27","1","sp102_P1E","PRE","trill","1","sp102"
"199","22","norte","46","approximant","sp102_P1E","PRE","tap","a","sp102"
"200","1","Roberto","52","1","sp203_P1E","POST","trill","1","sp203/204"
"201","2","Roberto","24","1 True","sp203_P1E","POST","tap","1","sp203/204"
"202","3","para","26","1 True","sp203_P1E","POST","tap","1","sp203/204"
"203","4","América","28","1 True","sp203_P1E","POST","tap","1","sp203/204"
"204","5","Caribe","24","1 True","sp203_P1E","POST","tap","1","sp203/204"
"205","6","pérdida","29","1 True","sp203_P1E","POST","tap","1","sp203/204"
"206","7","región","58","1","sp203_P1E","POST","trill","1","sp203/204"
"207","8","relacionada","66","0","sp203_P1E","POST","trill","0","sp203/204"
"208","9","rápida","77","0","sp203_P1E","POST","trill","0","sp203/204"
"209","10","tierras","81","0","sp203_P1E","POST","trill","0","sp203/204"
"210","11","para","26","1 True","sp203_P1E","POST","tap","1","sp203/204"
"211","12","pérdida","31","1 True","sp203_P1E","POST","tap","1","sp203/204"
"212","13","desarrollo","70","1","sp203_P1E","POST","trill","1","sp203/204"
"213","14","infraestructura","27","1 True","sp203_P1E","POST","tap","1","sp203/204"
"214","15","relacionada","70","0","sp203_P1E","POST","trill","0","sp203/204"
"215","16","carreteras","51","1","sp203_P1E","POST","trill","1","sp203/204"
"216","17","carreteras","29","1 True","sp203_P1E","POST","tap","1","sp203/204"
"217","18","para","40","approximant","sp203_P1E","POST","tap","a","sp203/204"
"218","19","carros","59","1","sp203_P1E","POST","trill","1","sp203/204"
"219","20","carrozas","69","1","sp203_P1E","POST","trill","1","sp203/204"
"220","21","rotundo ","68","0","sp203_P1E","POST","trill","0","sp203/204"
"221","22","productor","28","1 True","sp203_P1E","POST","tap","1","sp203/204"
"222","23","materia","27","1 True","sp203_P1E","POST","tap","1","sp203/204"
"223","24","relevante","39","0","sp203_P1E","POST","trill","0","sp203/204"
"224","25","minería","28","1 True","sp203_P1E","POST","tap","1","sp203/204"
"225","26","por","46","approximant","sp203_P1E","POST","tap","a","sp203/204"
"226","1","norte","27","1 True","sp203_P1E","POST","tap","1","sp203/204"
"227","2","acerca","28","1 True","sp203_P1E","POST","tap","1","sp203/204"
"228","3","sería","26","1 True","sp203_P1E","POST","tap","1","sp203/204"
"229","4","fuerte","24","1 True","sp203_P1E","POST","tap","1","sp203/204"
"230","5","repente","45","1","sp203_P1E","POST","trill","1","sp203/204"
"231","6","viajero","21","1 True","sp203_P1E","POST","tap","1","sp203/204"
"232","7","verlo","46","approximant","sp203_P1E","POST","tap","a","sp203/204"
"233","8","convinieron","30","1 True","sp203_P1E","POST","tap","1","sp203/204"
"234","9","primero","25","1 True","sp203_P1E","POST","tap","1","sp203/204"
"235","10","consiguiera","32","approximant","sp203_P1E","POST","tap","a","sp203/204"
"236","12","seria","25","1 True","sp203_P1E","POST","tap","1","sp203/204"
"237","13","fuerte","21","1 True","sp203_P1E","POST","tap","1","sp203/204"
"238","14","norte","27","1 True","sp203_P1E","POST","tap","1","sp203/204"
"239","15","soplar","33","approximant","sp203_P1E","POST","tap","a","sp203/204"
"240","16","furia","31","1 True","sp203_P1E","POST","tap","1","sp203/204"
"241","17","pero","36","approximant","sp203_P1E","POST","tap","a","sp203/204"
"242","18","aferraba","52","1","sp203_P1E","POST","trill","1","sp203/204"
"243","19","norte","23","1 True","sp203_P1E","POST","tap","1","sp203/204"
"244","20","esplendor ","32","approximant","sp203_P1E","POST","tap","a","sp203/204"
"245","21","arrojó","57","1","sp203_P1E","POST","trill","1","sp203/204"
"246","22","norte","24","1 True","sp203_P1E","POST","tap","1","sp203/204"
"247","1","Roberto","38","0","sp203_P1E","PRE","trill","0","sp203/204"
"248","2","Roberto","47","approximant","sp203_P1E","PRE","tap","a","sp203/204"
"249","3","para","75","approximant","sp203_P1E","PRE","tap","a","sp203/204"
"250","4","América","65","approximant","sp203_P1E","PRE","tap","a","sp203/204"
"251","5","Caribe","68","approximant","sp203_P1E","PRE","tap","a","sp203/204"
"252","6","pérdida","44","approximant","sp203_P1E","PRE","tap","a","sp203/204"
"253","7","región","47","0","sp203_P1E","PRE","trill","0","sp203/204"
"254","8","relacionada","51","0","sp203_P1E","PRE","trill","0","sp203/204"
"255","9","rápida","46","0","sp203_P1E","PRE","trill","0","sp203/204"
"256","10","tierras","57","0","sp203_P1E","PRE","trill","0","sp203/204"
"257","11","para","68","aapproximant","sp203_P1E","PRE","tap","a","sp203/204"
"258","12","pérdida","52","aapproximant","sp203_P1E","PRE","tap","a","sp203/204"
"259","13","desarrollo","52","0","sp203_P1E","PRE","trill","0","sp203/204"
"260","14","infraestructura","54","approximant","sp203_P1E","PRE","tap","a","sp203/204"
"261","15","relacionada","43","0","sp203_P1E","PRE","trill","0","sp203/204"
"262","16","carreteras","40","0","sp203_P1E","PRE","trill","0","sp203/204"
"263","17","carreteras","51","approximant","sp203_P1E","PRE","tap","a","sp203/204"
"264","18","para","51","approximant","sp203_P1E","PRE","tap","a","sp203/204"
"265","19","carros","46","0","sp203_P1E","PRE","trill","0","sp203/204"
"266","20","carrozas","41","0","sp203_P1E","PRE","trill","0","sp203/204"
"267","21","rotundo ","34","0","sp203_P1E","PRE","trill","0","sp203/204"
"268","22","productor","58","approximant","sp203_P1E","PRE","tap","a","sp203/204"
"269","23","materia","69","approximant","sp203_P1E","PRE","tap","a","sp203/204"
"270","24","relevante","33","0","sp203_P1E","PRE","trill","0","sp203/204"
"271","25","minería","61","approximant","sp203_P1E","PRE","tap","a","sp203/204"
"272","26","por","55","approximant","sp203_P1E","PRE","tap","a","sp203/204"
"273","1","norte","41","approximant","sp203_P1E","PRE","tap","a","sp203/204"
"274","2","acerca","65","approximant","sp203_P1E","PRE","tap","a","sp203/204"
"275","3","sería","66","approximant","sp203_P1E","PRE","tap","a","sp203/204"
"276","4","fuerte","55","approximant","sp203_P1E","PRE","tap","a","sp203/204"
"277","5","repente","39","0","sp203_P1E","PRE","trill","0","sp203/204"
"278","6","viajero","78","approximant","sp203_P1E","PRE","tap","a","sp203/204"
"279","7","verlo","60","approximant","sp203_P1E","PRE","tap","a","sp203/204"
"280","8","convinieron","74","approximant","sp203_P1E","PRE","tap","a","sp203/204"
"281","9","primero","58","approximant","sp203_P1E","PRE","tap","a","sp203/204"
"282","10","consiguiera","81","approximant","sp203_P1E","PRE","tap","a","sp203/204"
"283","11","quitarle","55","approximant","sp203_P1E","PRE","tap","a","sp203/204"
"284","12","seria","62","approximant","sp203_P1E","PRE","tap","a","sp203/204"
"285","13","fuerte","46","approximant","sp203_P1E","PRE","tap","a","sp203/204"
"286","14","norte","54","approximant","sp203_P1E","PRE","tap","a","sp203/204"
"287","15","soplar","68","approximant","sp203_P1E","PRE","tap","a","sp203/204"
"288","16","furia","68","approximant","sp203_P1E","PRE","tap","a","sp203/204"
"289","17","pero","59","approximant","sp203_P1E","PRE","tap","a","sp203/204"
"290","18","aferraba","61","0","sp203_P1E","PRE","trill","0","sp203/204"
"291","19","norte","46","approximant","sp203_P1E","PRE","tap","a","sp203/204"
"292","20","esplendor ","76","approximant","sp203_P1E","PRE","tap","a","sp203/204"
"293","21","arrojó","52","0","sp203_P1E","PRE","trill","0","sp203/204"
"294","22","norte","35","approximant","sp203_P1E","PRE","tap","a","sp203/204"
"295","23","reconocer","42","0","sp203_P1E","PRE","trill","0","sp203/204"
"296","1","Roberto","153","3","sp102_P2E","POST","trill","3","sp102"
"297","2","Roberto","22","1 True","sp102_P2E","POST","tap","1","sp102"
"298","3","para","24","1 True","sp102_P2E","POST","tap","1","sp102"
"299","4","América","27","1 True","sp102_P2E","POST","tap","1","sp102"
"300","5","Caribe","24","1 True","sp102_P2E","POST","tap","1","sp102"
"301","6","pérdida","21","1 True","sp102_P2E","POST","tap","1","sp102"
"302","7","región","176","4","sp102_P2E","POST","trill","4","sp102"
"303","8","relacionada","131","3","sp102_P2E","POST","trill","3","sp102"
"304","9","rápida","184","3","sp102_P2E","POST","trill","3","sp102"
"305","10","tierras","139","2","sp102_P2E","POST","trill","2","sp102"
"306","11","para","21","1 True","sp102_P2E","POST","tap","1","sp102"
"307","12","pérdida","26","1 True","sp102_P2E","POST","tap","1","sp102"
"308","13","desarrollo","144","3","sp102_P2E","POST","trill","3","sp102"
"309","14","infraestructura","29","approximant","sp102_P2E","POST","tap","a","sp102"
"310","15","relacionada","197","4","sp102_P2E","POST","trill","4","sp102"
"311","16","carreteras","130","3","sp102_P2E","POST","trill","3","sp102"
"312","17","carreteras","23","1 True","sp102_P2E","POST","tap","1","sp102"
"313","18","para","21","1 True","sp102_P2E","POST","tap","1","sp102"
"314","19","carros","143","2","sp102_P2E","POST","trill","2","sp102"
"315","20","carrozas","123","2","sp102_P2E","POST","trill","2","sp102"
"316","21","rotundo ","160","3","sp102_P2E","POST","trill","3","sp102"
"317","22","productor","24","1 True","sp102_P2E","POST","tap","1","sp102"
"318","23","materia","21","1 True","sp102_P2E","POST","tap","1","sp102"
"319","24","relevante","173","3","sp102_P2E","POST","trill","3","sp102"
"320","25","minería","24","1 True","sp102_P2E","POST","tap","1","sp102"
"321","26","por","26","1 True","sp102_P2E","POST","tap","1","sp102"
"322","2","acerca","24","1 True","sp102_P2E","POST","tap","1","sp102"
"323","3","sería","27","1 True","sp102_P2E","POST","tap","1","sp102"
"324","4","fuerte","22","1 True","sp102_P2E","POST","tap","1","sp102"
"325","5","repente","115","2","sp102_P2E","POST","trill","2","sp102"
"326","6","viajero","21","1 True","sp102_P2E","POST","tap","1","sp102"
"327","7","verlo","27","1 True","sp102_P2E","POST","tap","1","sp102"
"328","8","convinieron","26","1 True","sp102_P2E","POST","tap","1","sp102"
"329","9","primero","25","1 True","sp102_P2E","POST","tap","1","sp102"
"330","10","consiguiera","24","1 True","sp102_P2E","POST","tap","1","sp102"
"331","11","quitarle","26","1 True","sp102_P2E","POST","tap","1","sp102"
"332","12","seria","23","1 True","sp102_P2E","POST","tap","1","sp102"
"333","13","fuerte","24","1 True","sp102_P2E","POST","tap","1","sp102"
"334","14","norte","24","1 True","sp102_P2E","POST","tap","1","sp102"
"335","15","soplar","27","1 True","sp102_P2E","POST","tap","1","sp102"
"336","16","furia","29","1 True","sp102_P2E","POST","tap","1","sp102"
"337","17","pero","22","1 True","sp102_P2E","POST","tap","1","sp102"
"338","18","aferraba","164","3","sp102_P2E","POST","trill","3","sp102"
"339","19","norte","29","1 True","sp102_P2E","POST","tap","1","sp102"
"340","20","esplendor ","20","1 True","sp102_P2E","POST","tap","1","sp102"
"341","21","arrojó","133","0","sp102_P2E","POST","trill","0","sp102"
"342","22","norte","26","1 True","sp102_P2E","POST","tap","1","sp102"
"343","23","reconocer","103","2","sp102_P2E","POST","trill","2","sp102"
"344","24","reconocer","25","1 True","sp102_P2E","POST","tap","1","sp102"
"345","1","Roberto","41","1","sp102_P2E","PRE","trill","1","sp102"
"346","2","Roberto","26","1 True","sp102_P2E","PRE","tap","1","sp102"
"347","3","para","20","1 True","sp102_P2E","PRE","tap","1","sp102"
"348","4","América","31","1 True","sp102_P2E","PRE","tap","1","sp102"
"349","5","Caribe","33","1 True","sp102_P2E","PRE","tap","1","sp102"
"350","6","pérdida","69","approximant","sp102_P2E","PRE","tap","a","sp102"
"351","7","región","46","0","sp102_P2E","PRE","trill","0","sp102"
"352","8","relacionada","34","0","sp102_P2E","PRE","trill","0","sp102"
"353","9","rápida","67","0","sp102_P2E","PRE","trill","0","sp102"
"354","10","tierras","44","0","sp102_P2E","PRE","trill","0","sp102"
"355","11","para","28","1 True","sp102_P2E","PRE","tap","1","sp102"
"356","12","pérdida","28","1 True","sp102_P2E","PRE","tap","1","sp102"
"357","13","desarrollo","83","2","sp102_P2E","PRE","trill","2","sp102"
"358","14","infraestructura","38","1 True","sp102_P2E","PRE","tap","1","sp102"
"359","15","relacionada","43","0","sp102_P2E","PRE","trill","0","sp102"
"360","16","carreteras","51","1","sp102_P2E","PRE","trill","1","sp102"
"361","17","carreteras","30","1 True","sp102_P2E","PRE","tap","1","sp102"
"362","18","para","38","approximant","sp102_P2E","PRE","tap","a","sp102"
"363","19","carros","40","1","sp102_P2E","PRE","trill","1","sp102"
"364","20","carrozas","117","3","sp102_P2E","PRE","trill","3","sp102"
"365","21","rotundo ","85","0","sp102_P2E","PRE","trill","0","sp102"
"366","22","productor","96","approximant","sp102_P2E","PRE","tap","a","sp102"
"367","23","materia","68","approximant","sp102_P2E","PRE","tap","a","sp102"
"368","24","relevante","82","0","sp102_P2E","PRE","trill","0","sp102"
"369","25","minería","34","1 True","sp102_P2E","PRE","tap","1","sp102"
"370","26","por","50","approximant","sp102_P2E","PRE","tap","a","sp102"
"371","1","norte","24","1 True","sp102_P2E","PRE","tap","1","sp102"
"372","2","acerca","37","approximant","sp102_P2E","PRE","tap","a","sp102"
"373","3","sería","27","1 True","sp102_P2E","PRE","tap","1","sp102"
"374","4","fuerte","38","approximant","sp102_P2E","PRE","tap","a","sp102"
"375","5","repente","50","0","sp102_P2E","PRE","trill","0","sp102"
"376","6","viajero","89","approximant","sp102_P2E","PRE","tap","a","sp102"
"377","7","verlo","72","approximant","sp102_P2E","PRE","tap","a","sp102"
"378","8","convinieron","71","approximant","sp102_P2E","PRE","tap","a","sp102"
"379","9","primero","60","approximant","sp102_P2E","PRE","tap","a","sp102"
"380","10","consiguiera","69","approximant","sp102_P2E","PRE","tap","a","sp102"
"381","11","quitarle","88","approximant","sp102_P2E","PRE","tap","a","sp102"
"382","12","seria","29","1 True","sp102_P2E","PRE","tap","1","sp102"
"383","14","norte","40","approximant","sp102_P2E","PRE","tap","a","sp102"
"384","15","soplar","53","approximant","sp102_P2E","PRE","tap","a","sp102"
"385","16","furia","68","approximant","sp102_P2E","PRE","tap","a","sp102"
"386","17","pero","47","approximant","sp102_P2E","PRE","tap","a","sp102"
"387","18","aferraba","82","0","sp102_P2E","PRE","trill","0","sp102"
"388","19","norte","36","approximant","sp102_P2E","PRE","tap","a","sp102"
"389","20","esplendor ","83","approximant","sp102_P2E","PRE","tap","a","sp102"
"390","21","arrojó","67","0","sp102_P2E","PRE","trill","0","sp102"
"391","22","norte","39","approximant","sp102_P2E","PRE","tap","a","sp102"
"392","23","reconocer","68","0","sp102_P2E","PRE","trill","0","sp102"
"393","1","Roberto","149","3","sp203_P2E","POST","trill","3","sp203/204"
"394","2","Roberto","20","1 True","sp203_P2E","POST","tap","1","sp203/204"
"395","3","para","18","1 True","sp203_P2E","POST","tap","1","sp203/204"
"396","4","América","26","1 True","sp203_P2E","POST","tap","1","sp203/204"
"397","5","Caribe","35","approximant","sp203_P2E","POST","tap","a","sp203/204"
"398","6","pérdida","24","1 True","sp203_P2E","POST","tap","1","sp203/204"
"399","7","región","86","0","sp203_P2E","POST","trill","0","sp203/204"
"400","8","relacionada","142","3","sp203_P2E","POST","trill","3","sp203/204"
"401","9","rápida","133","3","sp203_P2E","POST","trill","3","sp203/204"
"402","10","tierras","121","3","sp203_P2E","POST","trill","3","sp203/204"
"403","11","para","23","1 True","sp203_P2E","POST","tap","1","sp203/204"
"404","12","pérdida","26","1 True","sp203_P2E","POST","tap","1","sp203/204"
"405","13","desarrollo","159","4","sp203_P2E","POST","trill","4","sp203/204"
"406","15","relacionada","144","3","sp203_P2E","POST","trill","3","sp203/204"
"407","16","carreteras","111","2","sp203_P2E","POST","trill","2","sp203/204"
"408","17","carreteras","24","1 True","sp203_P2E","POST","tap","1","sp203/204"
"409","18","para","19","1 True","sp203_P2E","POST","tap","1","sp203/204"
"410","19","carros","124","2","sp203_P2E","POST","trill","2","sp203/204"
"411","20","carrozas","138","3","sp203_P2E","POST","trill","3","sp203/204"
"412","21","rotundo ","158","3","sp203_P2E","POST","trill","3","sp203/204"
"413","22","productor","28","1 True","sp203_P2E","POST","tap","1","sp203/204"
"414","23","materia","25","1 True","sp203_P2E","POST","tap","1","sp203/204"
"415","24","relevante","120","2","sp203_P2E","POST","trill","2","sp203/204"
"416","26","por","22","1 True","sp203_P2E","POST","tap","1","sp203/204"
"417","1","norte","25","1 True","sp203_P2E","POST","tap","1","sp203/204"
"418","2","acerca","20","1 True","sp203_P2E","POST","tap","1","sp203/204"
"419","3","sería","22","1 True","sp203_P2E","POST","tap","1","sp203/204"
"420","4","fuerte","24","1 True","sp203_P2E","POST","tap","1","sp203/204"
"421","5","repente","52","1","sp203_P2E","POST","trill","1","sp203/204"
"422","6","viajero","25","1 True","sp203_P2E","POST","tap","1","sp203/204"
"423","7","verlo","29","1 True","sp203_P2E","POST","tap","1","sp203/204"
"424","8","convinieron","21","1 True","sp203_P2E","POST","tap","1","sp203/204"
"425","9","primero","28","1 True","sp203_P2E","POST","tap","1","sp203/204"
"426","10","consiguiera","28","1 True","sp203_P2E","POST","tap","1","sp203/204"
"427","11","quitarle","21","1 True","sp203_P2E","POST","tap","1","sp203/204"
"428","12","seria","28","1 True","sp203_P2E","POST","tap","1","sp203/204"
"429","13","fuerte","20","1 True","sp203_P2E","POST","tap","1","sp203/204"
"430","14","norte","23","1 True","sp203_P2E","POST","tap","1","sp203/204"
"431","15","soplar","27","1 True","sp203_P2E","POST","tap","1","sp203/204"
"432","16","furia","28","1 True","sp203_P2E","POST","tap","1","sp203/204"
"433","17","pero","24","1 True","sp203_P2E","POST","tap","1","sp203/204"
"434","18","aferraba","127","3","sp203_P2E","POST","trill","3","sp203/204"
"435","19","norte","29","1 True","sp203_P2E","POST","tap","1","sp203/204"
"436","20","esplendor ","26","1 True","sp203_P2E","POST","tap","1","sp203/204"
"437","21","arrojó","150","3","sp203_P2E","POST","trill","3","sp203/204"
"438","22","norte","24","1 True","sp203_P2E","POST","tap","1","sp203/204"
"439","1","Roberto","48","0","sp203_P2E","PRE","trill","0","sp203/204"
"440","2","Roberto","42","approximant","sp203_P2E","PRE","tap","a","sp203/204"
"441","3","para","33","1 True","sp203_P2E","PRE","tap","1","sp203/204"
"442","4","América","34","1 True","sp203_P2E","PRE","tap","1","sp203/204"
"443","5","Caribe","45","approximant","sp203_P2E","PRE","tap","a","sp203/204"
"444","6","pérdida","51","approximant","sp203_P2E","PRE","tap","a","sp203/204"
"445","7","región","44","0","sp203_P2E","PRE","trill","0","sp203/204"
"446","8","relacionada","53","0","sp203_P2E","PRE","trill","0","sp203/204"
"447","9","rápida","50","0","sp203_P2E","PRE","trill","0","sp203/204"
"448","10","tierras","33","1","sp203_P2E","PRE","trill","1","sp203/204"
"449","11","para","35","1 True","sp203_P2E","PRE","tap","1","sp203/204"
"450","12","pérdida","48","approximant","sp203_P2E","PRE","tap","a","sp203/204"
"451","13","desarrollo","67","0","sp203_P2E","PRE","trill","0","sp203/204"
"452","14","infraestructura","39","1 True","sp203_P2E","PRE","tap","1","sp203/204"
"453","15","relacionada","37","0","sp203_P2E","PRE","trill","0","sp203/204"
"454","16","carreteras","36","1","sp203_P2E","PRE","trill","1","sp203/204"
"455","17","carreteras","28","1 True","sp203_P2E","PRE","tap","1","sp203/204"
"456","18","para","34","1 True","sp203_P2E","PRE","tap","1","sp203/204"
"457","19","carros","35","1","sp203_P2E","PRE","trill","1","sp203/204"
"458","20","carrozas","39","1","sp203_P2E","PRE","trill","1","sp203/204"
"459","21","rotundo ","46","0","sp203_P2E","PRE","trill","0","sp203/204"
"460","22","productor","31","1 True","sp203_P2E","PRE","tap","1","sp203/204"
"461","23","materia","35","approximant","sp203_P2E","PRE","tap","a","sp203/204"
"462","24","relevante","41","0","sp203_P2E","PRE","trill","0","sp203/204"
"463","25","minería","50","approximant","sp203_P2E","PRE","tap","a","sp203/204"
"464","26","por","26","1 True","sp203_P2E","PRE","tap","1","sp203/204"
"465","2","acerca","21","1 True","sp203_P2E","PRE","tap","1","sp203/204"
"466","3","sería","30","1 True","sp203_P2E","PRE","tap","1","sp203/204"
"467","4","fuerte","27","1 True","sp203_P2E","PRE","tap","1","sp203/204"
"468","5","repente","32","1","sp203_P2E","PRE","trill","1","sp203/204"
"469","6","viajero","28","1 True","sp203_P2E","PRE","tap","1","sp203/204"
"470","7","verlo","53","approximant","sp203_P2E","PRE","tap","a","sp203/204"
"471","8","convinieron","29","1 True","sp203_P2E","PRE","tap","1","sp203/204"
"472","9","primero","30","1 True","sp203_P2E","PRE","tap","1","sp203/204"
"473","10","consiguiera","35","1 True","sp203_P2E","PRE","tap","1","sp203/204"
"474","11","quitarle","51","approximant","sp203_P2E","PRE","tap","a","sp203/204"
"475","12","seria","39","1 True","sp203_P2E","PRE","tap","1","sp203/204"
"476","13","fuerte","31","1 True","sp203_P2E","PRE","tap","1","sp203/204"
"477","14","norte","30","1 True","sp203_P2E","PRE","tap","1","sp203/204"
"478","15","soplar","45","approximant","sp203_P2E","PRE","tap","a","sp203/204"
"479","16","furia","44","approximant","sp203_P2E","PRE","tap","a","sp203/204"
"480","17","pero","31","1 True","sp203_P2E","PRE","tap","1","sp203/204"
"481","18","aferraba","47","0","sp203_P2E","PRE","trill","0","sp203/204"
"482","19","norte","34","1 True","sp203_P2E","PRE","tap","1","sp203/204"
"483","20","esplendor ","32","1 True","sp203_P2E","PRE","tap","1","sp203/204"
"484","21","arrojó","113","3","sp203_P2E","PRE","trill","3","sp203/204"
"485","22","norte","36","approximant","sp203_P2E","PRE","tap","a","sp203/204"
"486","23","reconocer","77","0","sp203_P2E","PRE","trill","0","sp203/204"
"487","1","Roberto","225","6","sp204_P2E","POST","trill","6","sp203/204"
"488","2","Roberto","22","1 True","sp204_P2E","POST","tap","1","sp203/204"
"489","3","para","27","1 True","sp204_P2E","POST","tap","1","sp203/204"
"490","4","América","28","1 True","sp204_P2E","POST","tap","1","sp203/204"
"491","5","Caribe","28","1 True","sp204_P2E","POST","tap","1","sp203/204"
"492","6","pérdida","22","1 True","sp204_P2E","POST","tap","1","sp203/204"
"493","7","región","146","3","sp204_P2E","POST","trill","3","sp203/204"
"494","8","relacionada","139","3","sp204_P2E","POST","trill","3","sp203/204"
"495","9","rápida","109","2","sp204_P2E","POST","trill","2","sp203/204"
"496","10","tierras","141","4","sp204_P2E","POST","trill","4","sp203/204"
"497","11","para","27","1  True","sp204_P2E","POST","tap","1","sp203/204"
"498","12","pérdida","25","1 True","sp204_P2E","POST","tap","1","sp203/204"
"499","13","desarrollo","157","3","sp204_P2E","POST","trill","3","sp203/204"
"500","14","infraestructura","28","1 True","sp204_P2E","POST","tap","1","sp203/204"
"501","15","relacionada","79","1","sp204_P2E","POST","trill","1","sp203/204"
"502","16","carreteras","117","3","sp204_P2E","POST","trill","3","sp203/204"
"503","17","carreteras","26","1 True","sp204_P2E","POST","tap","1","sp203/204"
"504","18","para","23","1 True","sp204_P2E","POST","tap","1","sp203/204"
"505","19","carros","167","4","sp204_P2E","POST","trill","4","sp203/204"
"506","20","carrozas","154","3","sp204_P2E","POST","trill","3","sp203/204"
"507","21","rotundo ","131","3","sp204_P2E","POST","trill","3","sp203/204"
"508","22","productor","25","1 True","sp204_P2E","POST","tap","1","sp203/204"
"509","23","materia","28","1 True","sp204_P2E","POST","tap","1","sp203/204"
"510","24","relevante","131","2","sp204_P2E","POST","trill","2","sp203/204"
"511","25","minería","20","1 True","sp204_P2E","POST","tap","1","sp203/204"
"512","26","por","24","1 True","sp204_P2E","POST","tap","1","sp203/204"
"513","1","norte","21","1 True","sp204_P2E","POST","tap","1","sp203/204"
"514","2","acerca","23","1 True","sp204_P2E","POST","tap","1","sp203/204"
"515","3","sería","30","1 True","sp204_P2E","POST","tap","1","sp203/204"
"516","4","fuerte","19","1 True","sp204_P2E","POST","tap","1","sp203/204"
"517","5","repente","79","2","sp204_P2E","POST","trill","2","sp203/204"
"518","6","viajero","29","1 True","sp204_P2E","POST","tap","1","sp203/204"
"519","7","verlo","29","1 True","sp204_P2E","POST","tap","1","sp203/204"
"520","8","convinieron","22","1 True","sp204_P2E","POST","tap","1","sp203/204"
"521","10","consiguiera","21","1 True","sp204_P2E","POST","tap","1","sp203/204"
"522","11","quitarle","24","1 True","sp204_P2E","POST","tap","1","sp203/204"
"523","12","seria","21","1 True","sp204_P2E","POST","tap","1","sp203/204"
"524","13","fuerte","21","1 True","sp204_P2E","POST","tap","1","sp203/204"
"525","14","norte","23","1 True","sp204_P2E","POST","tap","1","sp203/204"
"526","15","soplar","24","1 True","sp204_P2E","POST","tap","1","sp203/204"
"527","16","furia","28","1 True","sp204_P2E","POST","tap","1","sp203/204"
"528","17","pero","21","1 True","sp204_P2E","POST","tap","1","sp203/204"
"529","18","aferraba","169","3","sp204_P2E","POST","trill","3","sp203/204"
"530","19","norte","25","1 True","sp204_P2E","POST","tap","1","sp203/204"
"531","20","esplendor ","23","1 True","sp204_P2E","POST","tap","1","sp203/204"
"532","21","arrojó","151","3","sp204_P2E","POST","trill","3","sp203/204"
"533","22","norte","28","1 True","sp204_P2E","POST","tap","1","sp203/204"
"534","1","Roberto","134","3","sp204_P2E","PRE","trill","3","sp203/204"
"535","2","Roberto","32","1 True","sp204_P2E","PRE","tap","1","sp203/204"
"536","3","para","32","1 True","sp204_P2E","PRE","tap","1","sp203/204"
"537","4","Amércia","33","1 True","sp204_P2E","PRE","tap","1","sp203/204"
"538","5","Caribe","45","1 True","sp204_P2E","PRE","tap","1","sp203/204"
"539","6","pérdida","50","approximant","sp204_P2E","PRE","tap","a","sp203/204"
"540","7","región","66","1","sp204_P2E","PRE","trill","1","sp203/204"
"541","8","relacionada","29","1","sp204_P2E","PRE","trill","1","sp203/204"
"542","9","rápida","52","0","sp204_P2E","PRE","trill","0","sp203/204"
"543","10","tierras","64","0","sp204_P2E","PRE","trill","0","sp203/204"
"544","11","para","34","1 True","sp204_P2E","PRE","tap","1","sp203/204"
"545","12","pérdida","45","approximant","sp204_P2E","PRE","tap","a","sp203/204"
"546","13","desarrollo","87","2","sp204_P2E","PRE","trill","2","sp203/204"
"547","14","infraestructura","56","approximant","sp204_P2E","PRE","tap","a","sp203/204"
"548","15","relacionada","39","0","sp204_P2E","PRE","trill","0","sp203/204"
"549","16","carreteras","53","1","sp204_P2E","PRE","trill","1","sp203/204"
"550","17","carreteras","56","approximant","sp204_P2E","PRE","tap","a","sp203/204"
"551","18","para","36","1 True","sp204_P2E","PRE","tap","1","sp203/204"
"552","19","carros","60","0","sp204_P2E","PRE","trill","0","sp203/204"
"553","20","carrozas","95","2","sp204_P2E","PRE","trill","2","sp203/204"
"554","21","rotundo ","49","0","sp204_P2E","PRE","trill","0","sp203/204"
"555","22","productor","47","approximant","sp204_P2E","PRE","tap","a","sp203/204"
"556","23","materia","40","1 True","sp204_P2E","PRE","tap","1","sp203/204"
"557","24","relevante","38","0","sp204_P2E","PRE","trill","0","sp203/204"
"558","25","minería","52","approximant","sp204_P2E","PRE","tap","a","sp203/204"
"559","26","por","28","1 True","sp204_P2E","PRE","tap","1","sp203/204"
"560","1","norte","33","1 True","sp204_P2E","PRE","tap","1","sp203/204"
"561","2","acerca","30","1 True","sp204_P2E","PRE","tap","1","sp203/204"
"562","3","sería","37","1 True","sp204_P2E","PRE","tap","1","sp203/204"
"563","4","fuerte","42","approximant","sp204_P2E","PRE","tap","a","sp203/204"
"564","5","repente","34","0","sp204_P2E","PRE","trill","0","sp203/204"
"565","6","viajero","38","1 True","sp204_P2E","PRE","tap","1","sp203/204"
"566","7","verlo","53","approximant","sp204_P2E","PRE","tap","a","sp203/204"
"567","8","convinieron","38","1 True","sp204_P2E","PRE","tap","1","sp203/204"
"568","9","primero","33","1 True","sp204_P2E","PRE","tap","1","sp203/204"
"569","10","consiguiera","55","approximant","sp204_P2E","PRE","tap","a","sp203/204"
"570","11","quitarle","34","1 True","sp204_P2E","PRE","tap","1","sp203/204"
"571","12","seria","46","approximant","sp204_P2E","PRE","tap","a","sp203/204"
"572","13","fuerte","31","1 True","sp204_P2E","PRE","tap","1","sp203/204"
"573","14","norte","45","approximant","sp204_P2E","PRE","tap","a","sp203/204"
"574","15","soplar","28","1 True","sp204_P2E","PRE","tap","1","sp203/204"
"575","16","furia","35","1 True","sp204_P2E","PRE","tap","1","sp203/204"
"576","17","pero","32","1 True","sp204_P2E","PRE","tap","1","sp203/204"
"577","18","aferraba","57","1","sp204_P2E","PRE","trill","1","sp203/204"
"578","19","norte","32","1 True","sp204_P2E","PRE","tap","1","sp203/204"
"579","20","esplendor ","26","1 True","sp204_P2E","PRE","tap","1","sp203/204"
"580","21","arrojó","83","2","sp204_P2E","PRE","trill","2","sp203/204"
"581","22","norte","39","1 True","sp204_P2E","PRE","tap","1","sp203/204"
"582","23","reconocer","60","0","sp204_P2E","PRE","trill","0","sp203/204"
"583","1","Roberto","146","5","sp1_P3E","POST","trill","5","sp1"
"584","2","Roberto","14","approximant","sp1_P3E","POST","tap","a","sp1"
"585","3","para","15","1 True","sp1_P3E","POST","tap","1","sp1"
"586","4","América","20","1 True","sp1_P3E","POST","tap","1","sp1"
"587","5","Caribe","20","1 True","sp1_P3E","POST","tap","1","sp1"
"588","7","región","151","4","sp1_P3E","POST","trill","4","sp1"
"589","8","relacionada","141","4","sp1_P3E","POST","trill","4","sp1"
"590","9","rápida","190","4","sp1_P3E","POST","trill","4","sp1"
"591","10","tierras","104","4","sp1_P3E","POST","trill","4","sp1"
"592","11","para","18","1 True","sp1_P3E","POST","tap","1","sp1"
"593","13","desarrollo","120","4","sp1_P3E","POST","trill","4","sp1"
"594","14","infraestructura","14","1 True","sp1_P3E","POST","tap","1","sp1"
"595","15","relacionada","101","4","sp1_P3E","POST","trill","4","sp1"
"596","16","carreteras","154","2","sp1_P3E","POST","trill","2","sp1"
"597","17","carreteras","25","approximant","sp1_P3E","POST","tap","a","sp1"
"598","18","para","17","1 True","sp1_P3E","POST","tap","1","sp1"
"599","19","carros","123","3","sp1_P3E","POST","trill","3","sp1"
"600","20","carrozas","113","3","sp1_P3E","POST","trill","3","sp1"
"601","21","rotundo ","150","3","sp1_P3E","POST","trill","3","sp1"
"602","22","productor","21","approximant","sp1_P3E","POST","tap","a","sp1"
"603","23","materia","18","1 True","sp1_P3E","POST","tap","1","sp1"
"604","24","relevante","90","3","sp1_P3E","POST","trill","3","sp1"
"605","25","minería","17","1 True","sp1_P3E","POST","tap","1","sp1"
"606","26","por","19","1 True","sp1_P3E","POST","tap","1","sp1"
"607","1","norte","23","1 True","sp1_P3E","POST","tap","1","sp1"
"608","3","sería","18","1 True","sp1_P3E","POST","tap","1","sp1"
"609","4","fuerte","31","approcimant","sp1_P3E","POST","tap","a","sp1"
"610","5","repente","132","3","sp1_P3E","POST","trill","3","sp1"
"611","6","viajero","19","1 True","sp1_P3E","POST","tap","1","sp1"
"612","7","verlo","25","approximant","sp1_P3E","POST","tap","a","sp1"
"613","10","consiguiera","28","1 True","sp1_P3E","POST","tap","1","sp1"
"614","12","seria","17","1 True","sp1_P3E","POST","tap","1","sp1"
"615","14","norte","18","approximant","sp1_P3E","POST","tap","a","sp1"
"616","15","soplar","30","approximant","sp1_P3E","POST","tap","a","sp1"
"617","16","furia","18","1 True","sp1_P3E","POST","tap","1","sp1"
"618","17","pero","20","1 True","sp1_P3E","POST","tap","1","sp1"
"619","18","aferraba","128","4","sp1_P3E","POST","trill","4","sp1"
"620","19","norte","26","approximant","sp1_P3E","POST","tap","a","sp1"
"621","20","esplendor ","26","approximant","sp1_P3E","POST","tap","a","sp1"
"622","21","arrojó","110","4","sp1_P3E","POST","trill","4","sp1"
"623","22","norte","28","approximant","sp1_P3E","POST","tap","a","sp1"
"624","23","reconocer","90","2","sp1_P3E","POST","trill","2","sp1"
"625","24","reconocer","21","1 True","sp1_P3E","POST","tap","1","sp1"
"626","1","Roberto","51","0","sp1_P3E","PRE","trill","0","sp1"
"627","2","Roberto","56","approximant","sp1_P3E","PRE","tap","a","sp1"
"628","3","para","35","1 True","sp1_P3E","PRE","tap","1","sp1"
"629","4","América","33","1 True","sp1_P3E","PRE","tap","1","sp1"
"630","5","Caribe","35","1 True","sp1_P3E","PRE","tap","1","sp1"
"631","6","pérdida","26","approximant","sp1_P3E","PRE","tap","a","sp1"
"632","7","región","55","0","sp1_P3E","PRE","trill","0","sp1"
"633","8","relacionada","71","0","sp1_P3E","PRE","trill","0","sp1"
"634","9","rápida","67","0","sp1_P3E","PRE","trill","0","sp1"
"635","10","tierras","30","1","sp1_P3E","PRE","trill","1","sp1"
"636","11","para","28","approximant","sp1_P3E","PRE","tap","a","sp1"
"637","12","pérdida","41","approximant","sp1_P3E","PRE","tap","a","sp1"
"638","13","desarrollo","56","1","sp1_P3E","PRE","trill","1","sp1"
"639","14","infraestructura","27","1 True","sp1_P3E","PRE","tap","1","sp1"
"640","15","relacionada","99","0","sp1_P3E","PRE","trill","0","sp1"
"641","16","carreteras","21","1","sp1_P3E","PRE","trill","1","sp1"
"642","17","carreteras","42","approximant","sp1_P3E","PRE","tap","a","sp1"
"643","18","para","26","1 True","sp1_P3E","PRE","tap","1","sp1"
"644","19","carros","32","1","sp1_P3E","PRE","trill","1","sp1"
"645","20","carrozas","52","2","sp1_P3E","PRE","trill","2","sp1"
"646","21","rotundo ","95","0","sp1_P3E","PRE","trill","0","sp1"
"647","22","productor","49","approximant","sp1_P3E","PRE","tap","a","sp1"
"648","23","materia","24","1 True","sp1_P3E","PRE","tap","1","sp1"
"649","24","relevante","63","0","sp1_P3E","PRE","trill","0","sp1"
"650","25","minería","47","1 True","sp1_P3E","PRE","tap","1","sp1"
"651","26","por","61","approximant","sp1_P3E","PRE","tap","a","sp1"
"652","1","norte","43","approximant","sp1_P3E","PRE","tap","a","sp1"
"653","2","acerca","36","approximant","sp1_P3E","PRE","tap","a","sp1"
"654","3","sería","35","1 True","sp1_P3E","PRE","tap","1","sp1"
"655","4","fuerte","63","approximant","sp1_P3E","PRE","tap","a","sp1"
"656","5","repente","29","1","sp1_P3E","PRE","trill","1","sp1"
"657","6","viajero","30","approximant","sp1_P3E","PRE","tap","a","sp1"
"658","7","verlo","31","approximant","sp1_P3E","PRE","tap","a","sp1"
"659","8","convinieron","64","approximant","sp1_P3E","PRE","tap","a","sp1"
"660","9","primero","24","1 True","sp1_P3E","PRE","tap","1","sp1"
"661","10","consiguiera","33","1 Tue","sp1_P3E","PRE","tap","1","sp1"
"662","11","quitarle","67","approximant","sp1_P3E","PRE","tap","a","sp1"
"663","12","seria","34","approximant","sp1_P3E","PRE","tap","a","sp1"
"664","13","fuerte","38","approximant","sp1_P3E","PRE","tap","a","sp1"
"665","14","norte","37","approximant","sp1_P3E","PRE","tap","a","sp1"
"666","15","soplar","61","approximant","sp1_P3E","PRE","tap","a","sp1"
"667","16","furia","38","1 True","sp1_P3E","PRE","tap","1","sp1"
"668","17","pero","28","1 True","sp1_P3E","PRE","tap","1","sp1"
"669","18","aferraba","40","1","sp1_P3E","PRE","trill","1","sp1"
"670","19","norte","36","approximant","sp1_P3E","PRE","tap","a","sp1"
"671","20","esplendor ","89","approximant","sp1_P3E","PRE","tap","a","sp1"
"672","21","arrojó","52","1","sp1_P3E","PRE","trill","1","sp1"
"673","22","norte","56","approximant","sp1_P3E","PRE","tap","a","sp1"
"674","23","reconocer","39","0","sp1_P3E","PRE","trill","0","sp1"
"675","24","reconocer","91","approximmant","sp1_P3E","PRE","tap","a","sp1"
"676","1","Roberto","95","2","sp102_P3E","POST","trill","2","sp102"
"677","2","Roberto","19","1 True","sp102_P3E","POST","tap","1","sp102"
"678","3","para","21","1 True","sp102_P3E","POST","tap","1","sp102"
"679","4","América","27","1 True","sp102_P3E","POST","tap","1","sp102"
"680","5","Caribe","26","1 True","sp102_P3E","POST","tap","1","sp102"
"681","6","pérdida","23","1 True","sp102_P3E","POST","tap","1","sp102"
"682","7","región","74","2","sp102_P3E","POST","trill","2","sp102"
"683","8","relacionada","110","2","sp102_P3E","POST","trill","2","sp102"
"684","9","rápida","112","2","sp102_P3E","POST","trill","2","sp102"
"685","10","tierras","115","2","sp102_P3E","POST","trill","2","sp102"
"686","11","para","20","1 True","sp102_P3E","POST","tap","1","sp102"
"687","13","desarrollo","156","3","sp102_P3E","POST","trill","3","sp102"
"688","14","infraestructura","28","1 True","sp102_P3E","POST","tap","1","sp102"
"689","15","relacionada","88","0","sp102_P3E","POST","trill","0","sp102"
"690","16","carreteras","127","2","sp102_P3E","POST","trill","2","sp102"
"691","17","carreteras","22","1 True","sp102_P3E","POST","tap","1","sp102"
"692","18","para","19","1 True","sp102_P3E","POST","tap","1","sp102"
"693","19","carros","98","2","sp102_P3E","POST","trill","2","sp102"
"694","20","carrozas","116","2","sp102_P3E","POST","trill","2","sp102"
"695","21","rotundo ","97","2","sp102_P3E","POST","trill","2","sp102"
"696","22","productor","22","1 True","sp102_P3E","POST","tap","1","sp102"
"697","23","materia","21","1 True","sp102_P3E","POST","tap","1","sp102"
"698","24","relevante","105","2","sp102_P3E","POST","trill","2","sp102"
"699","25","minería","26","1 True","sp102_P3E","POST","tap","1","sp102"
"700","26","por","20","1 True","sp102_P3E","POST","tap","1","sp102"
"701","1","norte","23","1 True","sp102_P3E","POST","tap","1","sp102"
"702","2","acerca","20","1 True","sp102_P3E","POST","tap","1","sp102"
"703","3","sería","25","1 True","sp102_P3E","POST","tap","1","sp102"
"704","4","fuerte","20","1 True","sp102_P3E","POST","tap","1","sp102"
"705","5","repente","105","2","sp102_P3E","POST","trill","2","sp102"
"706","6","viajero","25","1 True","sp102_P3E","POST","tap","1","sp102"
"707","7","verlo","15","1 True","sp102_P3E","POST","tap","1","sp102"
"708","8","convinieron","23","1 True","sp102_P3E","POST","tap","1","sp102"
"709","9","primero","20","1 True","sp102_P3E","POST","tap","1","sp102"
"710","10","consiguiera","22","1 True","sp102_P3E","POST","tap","1","sp102"
"711","12","seria","22","1 True","sp102_P3E","POST","tap","1","sp102"
"712","13","fuerte","22","1 True","sp102_P3E","POST","tap","1","sp102"
"713","14","norte","27","1 True","sp102_P3E","POST","tap","1","sp102"
"714","15","soplar","24","1 True","sp102_P3E","POST","tap","1","sp102"
"715","16","furia","18","1 True","sp102_P3E","POST","tap","1","sp102"
"716","17","pero","23","1 True","sp102_P3E","POST","tap","1","sp102"
"717","18","aferraba","110","2","sp102_P3E","POST","trill","2","sp102"
"718","19","norte","20","1 True","sp102_P3E","POST","tap","1","sp102"
"719","20","esplendor ","23","1 True","sp102_P3E","POST","tap","1","sp102"
"720","21","arrojó","129","2","sp102_P3E","POST","trill","2","sp102"
"721","22","norte","20","1 True","sp102_P3E","POST","tap","1","sp102"
"722","1","Roberto","119","3","sp102_P3E","PRE","trill","3","sp102"
"723","2","Roberto","35","approximant","sp102_P3E","PRE","tap","a","sp102"
"724","3","para","29","1 True","sp102_P3E","PRE","tap","1","sp102"
"725","4","América","44","1 True","sp102_P3E","PRE","tap","1","sp102"
"726","5","Caribe","30","1 True","sp102_P3E","PRE","tap","1","sp102"
"727","6","pérdida","35","1 True","sp102_P3E","PRE","tap","1","sp102"
"728","7","región","38","1","sp102_P3E","PRE","trill","1","sp102"
"729","8","relacionada","69","0","sp102_P3E","PRE","trill","0","sp102"
"730","9","rápida","45","1","sp102_P3E","PRE","trill","1","sp102"
"731","10","tierras","108","2","sp102_P3E","PRE","trill","2","sp102"
"732","11","para","21","1 True","sp102_P3E","PRE","tap","1","sp102"
"733","12","pérdida","35","1 True","sp102_P3E","PRE","tap","1","sp102"
"734","13","desarrollo","120","3","sp102_P3E","PRE","trill","3","sp102"
"735","14","infraestructura","31","1 True","sp102_P3E","PRE","tap","1","sp102"
"736","15","relacionada","91","2","sp102_P3E","PRE","trill","2","sp102"
"737","16","carreteras","40","1","sp102_P3E","PRE","trill","1","sp102"
"738","17","carreteras","39","1 True","sp102_P3E","PRE","tap","1","sp102"
"739","18","para","24","1 True","sp102_P3E","PRE","tap","1","sp102"
"740","19","carros","64","2","sp102_P3E","PRE","trill","2","sp102"
"741","20","carrozas","45","1","sp102_P3E","PRE","trill","1","sp102"
"742","21","rotundo ","50","0","sp102_P3E","PRE","trill","0","sp102"
"743","22","productor","41","approximant","sp102_P3E","PRE","tap","a","sp102"
"744","23","materia","32","1 True","sp102_P3E","PRE","tap","1","sp102"
"745","24","relevante","34","0","sp102_P3E","PRE","trill","0","sp102"
"746","25","minería","45","1 True","sp102_P3E","PRE","tap","1","sp102"
"747","26","por","37","1 True","sp102_P3E","PRE","tap","1","sp102"
"748","1","norte","45","approximant","sp102_P3E","PRE","tap","a","sp102"
"749","2","acerca","43","approximant","sp102_P3E","PRE","tap","a","sp102"
"750","3","sería","39","1 True","sp102_P3E","PRE","tap","1","sp102"
"751","4","fuerte","40","approximant","sp102_P3E","PRE","tap","a","sp102"
"752","5","repente","49","1","sp102_P3E","PRE","trill","1","sp102"
"753","6","viajero","24","1 True","sp102_P3E","PRE","tap","1","sp102"
"754","7","verlo","61","approximant","sp102_P3E","PRE","tap","a","sp102"
"755","8","convinieron","47","approximant","sp102_P3E","PRE","tap","a","sp102"
"756","9","primero","28","1 True","sp102_P3E","PRE","tap","1","sp102"
"757","10","consiguiera","33","1 True","sp102_P3E","PRE","tap","1","sp102"
"758","11","quitarle","50","approximant","sp102_P3E","PRE","tap","a","sp102"
"759","12","seria","33","1 True","sp102_P3E","PRE","tap","1","sp102"
"760","13","fuerte","42","approximant","sp102_P3E","PRE","tap","a","sp102"
"761","14","norte","48","approximant","sp102_P3E","PRE","tap","a","sp102"
"762","15","soplar","33","1 True","sp102_P3E","PRE","tap","1","sp102"
"763","16","furia","36","1 True","sp102_P3E","PRE","tap","1","sp102"
"764","17","pero","28","1 True","sp102_P3E","PRE","tap","1","sp102"
"765","18","aferraba","89","2","sp102_P3E","PRE","trill","2","sp102"
"766","19","norte","31","1 True","sp102_P3E","PRE","tap","1","sp102"
"767","20","esplendor ","34","1 True","sp102_P3E","PRE","tap","1","sp102"
"768","21","arrojó","54","1","sp102_P3E","PRE","trill","1","sp102"
"769","22","norte","30","1 True","sp102_P3E","PRE","tap","1","sp102"
"770","23","reconocer","45","1","sp102_P3E","PRE","trill","1","sp102"
"771","1","Roberto","143","3","sp203_P3E","POST","trill","3","sp203/204"
"772","2","Roberto","16","1 True","sp203_P3E","POST","tap","1","sp203/204"
"773","3","para","22","1 True","sp203_P3E","POST","tap","1","sp203/204"
"774","4","América","23","1 True","sp203_P3E","POST","tap","1","sp203/204"
"775","5","Caribe","18","1 True","sp203_P3E","POST","tap","1","sp203/204"
"776","7","región","150","3","sp203_P3E","POST","trill","3","sp203/204"
"777","8","relacionada","138","2","sp203_P3E","POST","trill","2","sp203/204"
"778","9","rápida","139","3","sp203_P3E","POST","trill","3","sp203/204"
"779","10","tierras","155","4","sp203_P3E","POST","trill","4","sp203/204"
"780","11","para","22","1 True","sp203_P3E","POST","tap","1","sp203/204"
"781","12","pérdida","27","1 True","sp203_P3E","POST","tap","1","sp203/204"
"782","13","desarrollo","160","3","sp203_P3E","POST","trill","3","sp203/204"
"783","14","infraestructura","23","1 True","sp203_P3E","POST","tap","1","sp203/204"
"784","15","relacionada","120","3","sp203_P3E","POST","trill","3","sp203/204"
"785","16","carreteras","154","4","sp203_P3E","POST","trill","4","sp203/204"
"786","17","carreteras","36","approximant","sp203_P3E","POST","tap","a","sp203/204"
"787","18","para","22","1 True","sp203_P3E","POST","tap","1","sp203/204"
"788","19","carros","123","0","sp203_P3E","POST","trill","0","sp203/204"
"789","20","carrozas","144","0","sp203_P3E","POST","trill","0","sp203/204"
"790","21","rotundo ","111","0","sp203_P3E","POST","trill","0","sp203/204"
"791","22","productor","36","approximant","sp203_P3E","POST","tap","a","sp203/204"
"792","23","materia","20","1 True","sp203_P3E","POST","tap","1","sp203/204"
"793","24","relevante","147","3","sp203_P3E","POST","trill","3","sp203/204"
"794","25","minería","19","1 True","sp203_P3E","POST","tap","1","sp203/204"
"795","26","por","38","approximant","sp203_P3E","POST","tap","a","sp203/204"
"796","1","norte","25","1 True","sp203_P3E","POST","tap","1","sp203/204"
"797","2","acerca","17","1 True","sp203_P3E","POST","tap","1","sp203/204"
"798","3","sería","23","1 True","sp203_P3E","POST","tap","1","sp203/204"
"799","4","fuerte","19","1 True","sp203_P3E","POST","tap","1","sp203/204"
"800","5","repente","117","2","sp203_P3E","POST","trill","2","sp203/204"
"801","6","viajero","27","1 True","sp203_P3E","POST","tap","1","sp203/204"
"802","7","verlo","35","approximant","sp203_P3E","POST","tap","a","sp203/204"
"803","8","convinieron","46","approximant","sp203_P3E","POST","tap","a","sp203/204"
"804","9","primero","22","1 True","sp203_P3E","POST","tap","1","sp203/204"
"805","10","consiguiera","20","1 True","sp203_P3E","POST","tap","1","sp203/204"
"806","11","quitarle","35","approximant","sp203_P3E","POST","tap","a","sp203/204"
"807","12","seria","19","1 True","sp203_P3E","POST","tap","1","sp203/204"
"808","13","fuerte","24","1 True","sp203_P3E","POST","tap","1","sp203/204"
"809","14","norte","19","1 True","sp203_P3E","POST","tap","1","sp203/204"
"810","15","soplar","35","approximant","sp203_P3E","POST","tap","a","sp203/204"
"811","16","furia","25","1 True","sp203_P3E","POST","tap","1","sp203/204"
"812","17","pero","19","1 True","sp203_P3E","POST","tap","1","sp203/204"
"813","18","aferraba","188","4","sp203_P3E","POST","trill","4","sp203/204"
"814","19","norte","24","1 True","sp203_P3E","POST","tap","1","sp203/204"
"815","20","esplendor ","19","1 True","sp203_P3E","POST","tap","1","sp203/204"
"816","21","arrojó","180","5","sp203_P3E","POST","trill","5","sp203/204"
"817","22","norte","23","1 True","sp203_P3E","POST","tap","1","sp203/204"
"818","1","Roberto","77","0","sp203_P3E","PRE","trill","0","sp203/204"
"819","2","Roberto","48","approximant","sp203_P3E","PRE","tap","a","sp203/204"
"820","3","para","42","approximant","sp203_P3E","PRE","tap","a","sp203/204"
"821","4","América","20","1 True","sp203_P3E","PRE","tap","1","sp203/204"
"822","5","Caribe","55","approximant","sp203_P3E","PRE","tap","a","sp203/204"
"823","6","pérdida","43","approximant","sp203_P3E","PRE","tap","a","sp203/204"
"824","7","región","52","0","sp203_P3E","PRE","trill","0","sp203/204"
"825","8","relacionada","43","0","sp203_P3E","PRE","trill","0","sp203/204"
"826","9","rápida","41","0","sp203_P3E","PRE","trill","0","sp203/204"
"827","10","tierras","51","0","sp203_P3E","PRE","trill","0","sp203/204"
"828","11","para","44","1 True","sp203_P3E","PRE","tap","1","sp203/204"
"829","12","pérdida","40","1 True","sp203_P3E","PRE","tap","1","sp203/204"
"830","13","desarrollo","49","0","sp203_P3E","PRE","trill","0","sp203/204"
"831","14","infraestructura","60","approximant","sp203_P3E","PRE","tap","a","sp203/204"
"832","15","relacionada","50","0","sp203_P3E","PRE","trill","0","sp203/204"
"833","16","carreteras","37","0","sp203_P3E","PRE","trill","0","sp203/204"
"834","17","carreteras","47","approximant","sp203_P3E","PRE","tap","a","sp203/204"
"835","18","para","53","approximant","sp203_P3E","PRE","tap","a","sp203/204"
"836","19","carros","47","0","sp203_P3E","PRE","trill","0","sp203/204"
"837","20","carrozas","38","1","sp203_P3E","PRE","trill","1","sp203/204"
"838","21","rotundo ","47","0","sp203_P3E","PRE","trill","0","sp203/204"
"839","22","productor","54","approximant","sp203_P3E","PRE","tap","a","sp203/204"
"840","23","materia","56","approximant","sp203_P3E","PRE","tap","a","sp203/204"
"841","24","relevante","37","0","sp203_P3E","PRE","trill","0","sp203/204"
"842","25","minería","57","approximant","sp203_P3E","PRE","tap","a","sp203/204"
"843","26","por","49","approximant","sp203_P3E","PRE","tap","a","sp203/204"
"844","1","norte","52","approximant","sp203_P3E","PRE","tap","a","sp203/204"
"845","2","acerca","38","approximant","sp203_P3E","PRE","tap","a","sp203/204"
"846","3","sería","54","approximant","sp203_P3E","PRE","tap","a","sp203/204"
"847","4","fuerte","51","approximant","sp203_P3E","PRE","tap","a","sp203/204"
"848","5","repente","46","1","sp203_P3E","PRE","trill","1","sp203/204"
"849","6","viajero","50","approximant","sp203_P3E","PRE","tap","a","sp203/204"
"850","7","verlo","52","approximant","sp203_P3E","PRE","tap","a","sp203/204"
"851","8","convinieron","57","approximant","sp203_P3E","PRE","tap","a","sp203/204"
"852","9","primero","66","approximant","sp203_P3E","PRE","tap","a","sp203/204"
"853","10","consiguiera","56","approximant","sp203_P3E","PRE","tap","a","sp203/204"
"854","11","quitarle","64","approximant","sp203_P3E","PRE","tap","a","sp203/204"
"855","12","seria","64","approximant","sp203_P3E","PRE","tap","a","sp203/204"
"856","13","fuerte","55","approximant","sp203_P3E","PRE","tap","a","sp203/204"
"857","14","norte","52","approximant","sp203_P3E","PRE","tap","a","sp203/204"
"858","15","soplar","66","approximant","sp203_P3E","PRE","tap","a","sp203/204"
"859","16","furia","57","approximant","sp203_P3E","PRE","tap","a","sp203/204"
"860","17","pero","59","approximant","sp203_P3E","PRE","tap","a","sp203/204"
"861","18","aferraba","55","1","sp203_P3E","PRE","trill","1","sp203/204"
"862","19","norte","51","approximant","sp203_P3E","PRE","tap","a","sp203/204"
"863","20","esplendor ","71","approximant","sp203_P3E","PRE","tap","a","sp203/204"
"864","21","arrojó","60","0","sp203_P3E","PRE","trill","0","sp203/204"
"865","22","norte","50","approximant","sp203_P3E","PRE","tap","a","sp203/204"
"866","23","reconocer","34","0","sp203_P3E","PRE","trill","0","sp203/204"
"867","1","Roberto","30","1","sp1_P5E","POST","trill","1","sp1"
"868","2","Roberto","19","1 True","sp1_P5E","POST","tap","1","sp1"
"869","3","para","17","approximant","sp1_P5E","POST","tap","a","sp1"
"870","4","América","22","1 True","sp1_P5E","POST","tap","1","sp1"
"871","5","Caribe","21","1 True","sp1_P5E","POST","tap","1","sp1"
"872","6","pérdida","18","1 True","sp1_P5E","POST","tap","1","sp1"
"873","7","región","54","2","sp1_P5E","POST","trill","2","sp1"
"874","8","relacionada","34","1","sp1_P5E","POST","trill","1","sp1"
"875","9","rápida","31","1","sp1_P5E","POST","trill","1","sp1"
"876","10","tierras","22","1","sp1_P5E","POST","trill","1","sp1"
"877","11","para","21","1 True","sp1_P5E","POST","tap","1","sp1"
"878","12","pérdida","30","1 True","sp1_P5E","POST","tap","1","sp1"
"879","15","relacionada","41","1","sp1_P5E","POST","trill","1","sp1"
"880","16","carreteras","27","2","sp1_P5E","POST","trill","2","sp1"
"881","17","carreteras","11","approximant","sp1_P5E","POST","tap","a","sp1"
"882","18","para","18","approximant","sp1_P5E","POST","tap","a","sp1"
"883","19","carros","41","2","sp1_P5E","POST","trill","2","sp1"
"884","20","carrozas","38","2","sp1_P5E","POST","trill","2","sp1"
"885","21","rotundo ","30","1","sp1_P5E","POST","trill","1","sp1"
"886","22","productor","21","1 True","sp1_P5E","POST","tap","1","sp1"
"887","23","materia","28","1 True","sp1_P5E","POST","tap","1","sp1"
"888","24","relevante","55","2","sp1_P5E","POST","trill","2","sp1"
"889","25","minería","28","1 + frc","sp1_P5E","POST","tap","1","sp1"
"890","26","por","11","1 True","sp1_P5E","POST","tap","1","sp1"
"891","1","norte","25","1 True","sp1_P5E","POST","tap","1","sp1"
"892","2","acerca","32","1 True","sp1_P5E","POST","tap","1","sp1"
"893","3","sería","18","1 True","sp1_P5E","POST","tap","1","sp1"
"894","4","fuerte","15","1 True","sp1_P5E","POST","tap","1","sp1"
"895","5","repente","37","2","sp1_P5E","POST","trill","2","sp1"
"896","6","viajero","21","1 True","sp1_P5E","POST","tap","1","sp1"
"897","7","verlo","46","approximant","sp1_P5E","POST","tap","a","sp1"
"898","8","convinieron","25","1 True","sp1_P5E","POST","tap","1","sp1"
"899","9","primero","21","1 True","sp1_P5E","POST","tap","1","sp1"
"900","10","consiguiera","19","1 True","sp1_P5E","POST","tap","1","sp1"
"901","11","quitarle","34","approximant","sp1_P5E","POST","tap","a","sp1"
"902","12","seria","47","1 + fric","sp1_P5E","POST","tap","1","sp1"
"903","13","fuerte","39","approximant","sp1_P5E","POST","tap","a","sp1"
"904","14","norte","20","1 True","sp1_P5E","POST","tap","1","sp1"
"905","15","soplar","21","1 True","sp1_P5E","POST","tap","1","sp1"
"906","16","furia","26","1 True","sp1_P5E","POST","tap","1","sp1"
"907","17","pero","11","1 True","sp1_P5E","POST","tap","1","sp1"
"908","18","aferraba","32","2","sp1_P5E","POST","trill","2","sp1"
"909","19","norte","13","1 True","sp1_P5E","POST","tap","1","sp1"
"910","20","esplendor ","14","1 True","sp1_P5E","POST","tap","1","sp1"
"911","21","arrojó","35","2","sp1_P5E","POST","trill","2","sp1"
"912","22","norte","26","1 True","sp1_P5E","POST","tap","1","sp1"
"913","23","reconocer","38","2","sp1_P5E","POST","trill","2","sp1"
"914","24","reconocer","15","1 True","sp1_P5E","POST","tap","1","sp1"
"915","1","Roberto","21","0","sp1_P5E","PRE","trill","0","sp1"
"916","2","Roberto","19","1 True","sp1_P5E","PRE","tap","1","sp1"
"917","3","para","16","1 True","sp1_P5E","PRE","tap","1","sp1"
"918","4","América","29","1 True","sp1_P5E","PRE","tap","1","sp1"
"919","5","Caribe","19","approximant","sp1_P5E","PRE","tap","a","sp1"
"920","6","pérdida","27","approximant","sp1_P5E","PRE","tap","a","sp1"
"921","8","relacionada","22","0","sp1_P5E","PRE","trill","0","sp1"
"922","9","rápida","10","1","sp1_P5E","PRE","trill","1","sp1"
"923","10","tierras","15","1","sp1_P5E","PRE","trill","1","sp1"
"924","11","para","18","1 True","sp1_P5E","PRE","tap","1","sp1"
"925","12","pérdida","30","1 True","sp1_P5E","PRE","tap","1","sp1"
"926","14","infraestructura","80","approximant","sp1_P5E","PRE","tap","a","sp1"
"927","15","relacionada","33","0","sp1_P5E","PRE","trill","0","sp1"
"928","16","carreteras","69","2","sp1_P5E","PRE","trill","2","sp1"
"929","17","carreteras","15","approximant","sp1_P5E","PRE","tap","a","sp1"
"930","18","para","15","1 True","sp1_P5E","PRE","tap","1","sp1"
"931","19","carros","19","2","sp1_P5E","PRE","trill","2","sp1"
"932","20","carrozas","16","1","sp1_P5E","PRE","trill","1","sp1"
"933","22","productor","14","1 True","sp1_P5E","PRE","tap","1","sp1"
"934","23","materia","18","1 True","sp1_P5E","PRE","tap","1","sp1"
"935","25","minería","10",NA,"sp1_P5E","PRE","tap",NA,"sp1"
"936","1","norte","48","1 True","sp1_P5E","PRE","tap","1","sp1"
"937","2","acerca","20","1 True","sp1_P5E","PRE","tap","1","sp1"
"938","3","sería","19","1 True","sp1_P5E","PRE","tap","1","sp1"
"939","4","fuerte","37","1 True","sp1_P5E","PRE","tap","1","sp1"
"940","5","repente","27","1","sp1_P5E","PRE","trill","1","sp1"
"941","6","viajero","23","approximant","sp1_P5E","PRE","tap","a","sp1"
"942","8","convinieron","23","1 True","sp1_P5E","PRE","tap","1","sp1"
"943","9","primero","10","1 True","sp1_P5E","PRE","tap","1","sp1"
"944","10","consiguiera","12","1 True","sp1_P5E","PRE","tap","1","sp1"
"945","12","seria","19","1 True","sp1_P5E","PRE","tap","1","sp1"
"946","14","norte","38","1 True","sp1_P5E","PRE","tap","1","sp1"
"947","15","soplar","23","1 True","sp1_P5E","PRE","tap","1","sp1"
"948","16","furia","16","1 True","sp1_P5E","PRE","tap","1","sp1"
"949","17","pero","11","1 True","sp1_P5E","PRE","tap","1","sp1"
"950","18","aferraba","12","1","sp1_P5E","PRE","trill","1","sp1"
"951","19","norte","56","1 True","sp1_P5E","PRE","tap","1","sp1"
"952","20","esplendor ","20","1 True","sp1_P5E","PRE","tap","1","sp1"
"953","21","arrojó","13","1","sp1_P5E","PRE","trill","1","sp1"
"954","22","norte","56","1 True","sp1_P5E","PRE","tap","1","sp1"
"955","23","reconocer","26","1","sp1_P5E","PRE","trill","1","sp1"
"956","24","reconocer","46","1 True","sp1_P5E","PRE","tap","1","sp1"
"957","25","superioridad","21","1 True","sp1_P5E","PRE","tap","1","sp1"
"958","1","Roberto","107","4","sp1_P6E","POST","trill","4","sp1"
"959","2","Roberto","21","approximant","sp1_P6E","POST","tap","a","sp1"
"960","3","para","20","1 True","sp1_P6E","POST","tap","1","sp1"
"961","4","América","16","1 True","sp1_P6E","POST","tap","1","sp1"
"962","5","Caribe","17","approximant","sp1_P6E","POST","tap","a","sp1"
"963","6","pérdida","17","1 True","sp1_P6E","POST","tap","1","sp1"
"964","7","región","44","1","sp1_P6E","POST","trill","1","sp1"
"965","8","relacionada","134","3","sp1_P6E","POST","trill","3","sp1"
"966","9","rápida","94","2","sp1_P6E","POST","trill","2","sp1"
"967","10","tierras","33","1","sp1_P6E","POST","trill","1","sp1"
"968","11","para","14","1 True","sp1_P6E","POST","tap","1","sp1"
"969","12","pérdida","18","approximant","sp1_P6E","POST","tap","a","sp1"
"970","13","desarrollo","107","3","sp1_P6E","POST","trill","3","sp1"
"971","15","relacionada","86","2","sp1_P6E","POST","trill","2","sp1"
"972","16","carreteras","75","2","sp1_P6E","POST","trill","2","sp1"
"973","19","carros","85","3","sp1_P6E","POST","trill","3","sp1"
"974","20","carrozas","87","2","sp1_P6E","POST","trill","2","sp1"
"975","21","rotundo ","112","3","sp1_P6E","POST","trill","3","sp1"
"976","22","productor","25","1 True","sp1_P6E","POST","tap","1","sp1"
"977","23","materia","19","approximant","sp1_P6E","POST","tap","a","sp1"
"978","24","relevante","106","3","sp1_P6E","POST","trill","3","sp1"
"979","25","minería","21","approximant","sp1_P6E","POST","tap","a","sp1"
"980","26","por","30","1 True","sp1_P6E","POST","tap","1","sp1"
"981","1","norte","22","approximant","sp1_P6E","POST","tap","a","sp1"
"982","2","acerca","22","approximant","sp1_P6E","POST","tap","a","sp1"
"983","3","sería","22","1 True","sp1_P6E","POST","tap","1","sp1"
"984","4","fuerte","20","approximant","sp1_P6E","POST","tap","a","sp1"
"985","5","repente","51","1","sp1_P6E","POST","trill","1","sp1"
"986","6","viajero","23","1 True","sp1_P6E","POST","tap","1","sp1"
"987","8","convinieron","22","1 True","sp1_P6E","POST","tap","1","sp1"
"988","9","primero","23","1 True","sp1_P6E","POST","tap","1","sp1"
"989","10","consiguiera","16","1 True","sp1_P6E","POST","tap","1","sp1"
"990","11","quitarle","15","approximant","sp1_P6E","POST","tap","a","sp1"
"991","12","seria","20","1 True","sp1_P6E","POST","tap","1","sp1"
"992","13","fuerte","20","approximant","sp1_P6E","POST","tap","a","sp1"
"993","14","norte","22","approximant","sp1_P6E","POST","tap","a","sp1"
"994","15","soplar","17","1 True","sp1_P6E","POST","tap","1","sp1"
"995","16","furia","18","1 True","sp1_P6E","POST","tap","1","sp1"
"996","17","pero","23","1 True","sp1_P6E","POST","tap","1","sp1"
"997","18","aferraba","103","3","sp1_P6E","POST","trill","3","sp1"
"998","19","norte","27","approximant","sp1_P6E","POST","tap","a","sp1"
"999","20","esplendor ","15","1 True","sp1_P6E","POST","tap","1","sp1"
"1000","21","arrojó","109","3","sp1_P6E","POST","trill","3","sp1"
"1001","22","norte","21","approximant","sp1_P6E","POST","tap","a","sp1"
"1002","23","reconocer","122","3","sp1_P6E","POST","trill","3","sp1"
"1003","5","Caribe","32","approximant","sp1_P6E","PRE","tap","a","sp1"
"1004","6","pérdida","34","approximant","sp1_P6E","PRE","tap","a","sp1"
"1005","7","región","45","0","sp1_P6E","PRE","trill","0","sp1"
"1006","8","relacionada","52","2","sp1_P6E","PRE","trill","2","sp1"
"1007","9","rápida","108","3","sp1_P6E","PRE","trill","3","sp1"
"1008","10","tierras","29","1","sp1_P6E","PRE","trill","1","sp1"
"1009","11","para","22","1 True","sp1_P6E","PRE","tap","1","sp1"
"1010","12","pérdida","40","1 True","sp1_P6E","PRE","tap","1","sp1"
"1011","13","desarrollo","68","2","sp1_P6E","PRE","trill","2","sp1"
"1012","14","infraestructura","37","approximant","sp1_P6E","PRE","tap","a","sp1"
"1013","15","relacionada","51","0","sp1_P6E","PRE","trill","0","sp1"
"1014","16","carreteras","93","3","sp1_P6E","PRE","trill","3","sp1"
"1015","17","carreteras","67","approximant","sp1_P6E","PRE","tap","a","sp1"
"1016","18","para","44","approximant","sp1_P6E","PRE","tap","a","sp1"
"1017","19","carros","87","2","sp1_P6E","PRE","trill","2","sp1"
"1018","20","carrozas","109","3","sp1_P6E","PRE","trill","3","sp1"
"1019","21","rotundo ","61","1","sp1_P6E","PRE","trill","1","sp1"
"1020","22","productor","53","approximant","sp1_P6E","PRE","tap","a","sp1"
"1021","23","materia","50","approximant","sp1_P6E","PRE","tap","a","sp1"
"1022","24","relevante","37","0","sp1_P6E","PRE","trill","0","sp1"
"1023","25","minería","27","approximant","sp1_P6E","PRE","tap","a","sp1"
"1024","26","por","43","approximant","sp1_P6E","PRE","tap","a","sp1"
"1025","1","norte","56","approximant","sp1_P6E","PRE","tap","a","sp1"
"1026","2","acerca","32","approximant","sp1_P6E","PRE","tap","a","sp1"
"1027","3","sería","47","approximant","sp1_P6E","PRE","tap","a","sp1"
"1028","4","fuerte","37","approximant","sp1_P6E","PRE","tap","a","sp1"
"1029","5","repente","48","1","sp1_P6E","PRE","trill","1","sp1"
"1030","6","viajero","34","approximant","sp1_P6E","PRE","tap","a","sp1"
"1031","7","verlo","60","approximant","sp1_P6E","PRE","tap","a","sp1"
"1032","8","convinieron","34","approximant","sp1_P6E","PRE","tap","a","sp1"
"1033","10","consiguiera","41","approximant","sp1_P6E","PRE","tap","a","sp1"
"1034","11","quitarle","84","approximant","sp1_P6E","PRE","tap","a","sp1"
"1035","12","seria","25","approximant","sp1_P6E","PRE","tap","a","sp1"
"1036","13","fuerte","33","approximant","sp1_P6E","PRE","tap","a","sp1"
"1037","14","norte","41","approximant","sp1_P6E","PRE","tap","a","sp1"
"1038","15","soplar","73","approximant","sp1_P6E","PRE","tap","a","sp1"
"1039","16","furia","39","approximant","sp1_P6E","PRE","tap","a","sp1"
"1040","17","pero","22","approximant","sp1_P6E","PRE","tap","a","sp1"
"1041","18","aferraba","109","3","sp1_P6E","PRE","trill","3","sp1"
"1042","19","norte","35","approximant","sp1_P6E","PRE","tap","a","sp1"
"1043","20","esplendor ","36","1 True","sp1_P6E","PRE","tap","1","sp1"
"1044","21","arrojó","111","3","sp1_P6E","PRE","trill","3","sp1"
"1045","22","norte","35","approximant","sp1_P6E","PRE","tap","a","sp1"
"1046","23","reconocer","58","0","sp1_P6E","PRE","trill","0","sp1"
"1047","24","reconocer","69","approximant","sp1_P6E","PRE","tap","a","sp1"
"1048","25","superioridad","41","approximant","sp1_P6E","PRE","tap","a","sp1"
"1049","1","Roberto","65","1","sp1_P7E","POST","trill","1","sp1"
"1050","2","Roberto","22","1 True","sp1_P7E","POST","tap","1","sp1"
"1051","3","para","22","1 True","sp1_P7E","POST","tap","1","sp1"
"1052","4","América","14","1 True","sp1_P7E","POST","tap","1","sp1"
"1053","5","Caribe","23","approximant","sp1_P7E","POST","tap","a","sp1"
"1054","6","pérdida","21","approximant","sp1_P7E","POST","tap","a","sp1"
"1055","7","región","55","0","sp1_P7E","POST","trill","0","sp1"
"1056","8","relacionada","74","0","sp1_P7E","POST","trill","0","sp1"
"1057","9","rápida","49","0","sp1_P7E","POST","trill","0","sp1"
"1058","10","tierras","84","0","sp1_P7E","POST","trill","0","sp1"
"1059","11","para","23","1 True","sp1_P7E","POST","tap","1","sp1"
"1060","12","pérdida","31","approximant","sp1_P7E","POST","tap","a","sp1"
"1061","13","desarrollo","71","2","sp1_P7E","POST","trill","2","sp1"
"1062","14","infraestructura","34","approximant","sp1_P7E","POST","tap","a","sp1"
"1063","15","relacionada","94","0","sp1_P7E","POST","trill","0","sp1"
"1064","16","carreteras","72","2","sp1_P7E","POST","trill","2","sp1"
"1065","17","carreteras","29","approximant","sp1_P7E","POST","tap","a","sp1"
"1066","18","para","29","1 True","sp1_P7E","POST","tap","1","sp1"
"1067","19","carros","68","2","sp1_P7E","POST","trill","2","sp1"
"1068","20","carrozas","86","2","sp1_P7E","POST","trill","2","sp1"
"1069","21","rotundo ","64","0","sp1_P7E","POST","trill","0","sp1"
"1070","22","productor","14","1 True","sp1_P7E","POST","tap","1","sp1"
"1071","23","materia","24","1 True","sp1_P7E","POST","tap","1","sp1"
"1072","24","relevante","57","0","sp1_P7E","POST","trill","0","sp1"
"1073","25","minería","30","approximant","sp1_P7E","POST","tap","a","sp1"
"1074","26","por","22","approximant","sp1_P7E","POST","tap","a","sp1"
"1075","1","norte","15","1 True","sp1_P7E","POST","tap","1","sp1"
"1076","2","acerca","25","1 True","sp1_P7E","POST","tap","1","sp1"
"1077","3","sería","27","1 True","sp1_P7E","POST","tap","1","sp1"
"1078","4","fuerte","21","approximant","sp1_P7E","POST","tap","a","sp1"
"1079","5","repente","103","2","sp1_P7E","POST","trill","2","sp1"
"1080","6","viajero","27","1 True","sp1_P7E","POST","tap","1","sp1"
"1081","7","verlo","19","1 True","sp1_P7E","POST","tap","1","sp1"
"1082","8","convinieron","23","1 True","sp1_P7E","POST","tap","1","sp1"
"1083","9","primero","15","1 True","sp1_P7E","POST","tap","1","sp1"
"1084","10","consiguiera","28","approximant","sp1_P7E","POST","tap","a","sp1"
"1085","11","quitarle","12","1 True","sp1_P7E","POST","tap","1","sp1"
"1086","12","seria","28","1 True","sp1_P7E","POST","tap","1","sp1"
"1087","13","fuerte","26","approximant","sp1_P7E","POST","tap","a","sp1"
"1088","14","norte","22","1 True","sp1_P7E","POST","tap","1","sp1"
"1089","15","soplar","15","1 True","sp1_P7E","POST","tap","1","sp1"
"1090","16","furia","23","1 True","sp1_P7E","POST","tap","1","sp1"
"1091","17","pero","17","1 True","sp1_P7E","POST","tap","1","sp1"
"1092","18","aferraba","109","0","sp1_P7E","POST","trill","0","sp1"
"1093","19","norte","15","1 True","sp1_P7E","POST","tap","1","sp1"
"1094","20","esplendor ","16","1 True","sp1_P7E","POST","tap","1","sp1"
"1095","21","arrojó","97","2","sp1_P7E","POST","trill","2","sp1"
"1096","22","norte","23","approximant","sp1_P7E","POST","tap","a","sp1"
"1097","23","reconocer","91","1","sp1_P7E","POST","trill","1","sp1"
"1098","24","reconocer","30","approximant","sp1_P7E","POST","tap","a","sp1"
"1099","1","Roberto","38","0","sp1_P7E","PRE","trill","0","sp1"
"1100","2","Roberto","38","approximant","sp1_P7E","PRE","tap","a","sp1"
"1101","3","para","80","approximant","sp1_P7E","PRE","tap","a","sp1"
"1102","4","América","65","approximant","sp1_P7E","PRE","tap","a","sp1"
"1103","5","Caribe","60","approximant","sp1_P7E","PRE","tap","a","sp1"
"1104","6","pérdida","84","approximant","sp1_P7E","PRE","tap","a","sp1"
"1105","7","región","63","0","sp1_P7E","PRE","trill","0","sp1"
"1106","9","rápida","29","0","sp1_P7E","PRE","trill","0","sp1"
"1107","10","tierras","60","0","sp1_P7E","PRE","trill","0","sp1"
"1108","11","para","73","approximant","sp1_P7E","PRE","tap","a","sp1"
"1109","13","desarrollo","62","0","sp1_P7E","PRE","trill","0","sp1"
"1110","14","infraestructura","71","approximant","sp1_P7E","PRE","tap","a","sp1"
"1111","15","relacionada","53","0","sp1_P7E","PRE","trill","0","sp1"
"1112","16","carreteras","52","0","sp1_P7E","PRE","trill","0","sp1"
"1113","18","para","65","approximant","sp1_P7E","PRE","tap","a","sp1"
"1114","19","carros","52","0","sp1_P7E","PRE","trill","0","sp1"
"1115","20","carrozas","65","0","sp1_P7E","PRE","trill","0","sp1"
"1116","21","rotundo ","36","0","sp1_P7E","PRE","trill","0","sp1"
"1117","22","productor","88","approximant","sp1_P7E","PRE","tap","a","sp1"
"1118","23","materia","60","approximant","sp1_P7E","PRE","tap","a","sp1"
"1119","24","relevante","37","0","sp1_P7E","PRE","trill","0","sp1"
"1120","25","minería","60","approximant","sp1_P7E","PRE","tap","a","sp1"
"1121","26","por","70","approximant","sp1_P7E","PRE","tap","a","sp1"
"1122","1","norte","45","approximant","sp1_P7E","PRE","tap","a","sp1"
"1123","2","acerca","125","approximant","sp1_P7E","PRE","tap","a","sp1"
"1124","3","sería","143","approximant","sp1_P7E","PRE","tap","a","sp1"
"1125","4","fuerte","81","approximant","sp1_P7E","PRE","tap","a","sp1"
"1126","5","repente","41","0","sp1_P7E","PRE","trill","0","sp1"
"1127","6","viajero","123","approximant","sp1_P7E","PRE","tap","a","sp1"
"1128","7","verlo","87","approximant","sp1_P7E","PRE","tap","a","sp1"
"1129","8","convinieron","77","approximant","sp1_P7E","PRE","tap","a","sp1"
"1130","10","consiguiera","73","approximant","sp1_P7E","PRE","tap","a","sp1"
"1131","11","quitarle","68","approximant","sp1_P7E","PRE","tap","a","sp1"
"1132","13","fuerte","66","approximant","sp1_P7E","PRE","tap","a","sp1"
"1133","14","norte","45","approximant","sp1_P7E","PRE","tap","a","sp1"
"1134","15","soplar","85","approximant","sp1_P7E","PRE","tap","a","sp1"
"1135","16","furia","94","approximant","sp1_P7E","PRE","tap","a","sp1"
"1136","17","pero","85","approximant","sp1_P7E","PRE","tap","a","sp1"
"1137","20","esplendor ","86","approximant","sp1_P7E","PRE","tap","a","sp1"
"1138","21","arrojó","103","0","sp1_P7E","PRE","trill","0","sp1"
"1139","22","norte","53","approximant","sp1_P7E","PRE","tap","a","sp1"
"1140","23","reconocer","36","0","sp1_P7E","PRE","trill","0","sp1"
"1141","24","reconocer","79","approximant","sp1_P7E","PRE","tap","a","sp1"
"1142","25","superioridad","83","approximant","sp1_P7E","PRE","tap","a","sp1"
"1143","1","Roberto","83","2","sp1_P8E","POST","trill","2","sp1"
"1144","2","Roberto","22","1 True","sp1_P8E","POST","tap","1","sp1"
"1145","3","para","22","1 True","sp1_P8E","POST","tap","1","sp1"
"1146","4","América","18","1 True","sp1_P8E","POST","tap","1","sp1"
"1147","5","Caribe","23","1 True","sp1_P8E","POST","tap","1","sp1"
"1148","6","pérdida","26","1 True","sp1_P8E","POST","tap","1","sp1"
"1149","7","región","105","3","sp1_P8E","POST","trill","3","sp1"
"1150","8","relacionada","114","3","sp1_P8E","POST","trill","3","sp1"
"1151","9","rápida","98","2","sp1_P8E","POST","trill","2","sp1"
"1152","10","tierras","90","3","sp1_P8E","POST","trill","3","sp1"
"1153","11","para","26","1 True","sp1_P8E","POST","tap","1","sp1"
"1154","12","pérdida","22","1 True","sp1_P8E","POST","tap","1","sp1"
"1155","13","desarrollo","120","4","sp1_P8E","POST","trill","4","sp1"
"1156","14","infraestructura","25","1 True","sp1_P8E","POST","tap","1","sp1"
"1157","15","relacionada","118","3","sp1_P8E","POST","trill","3","sp1"
"1158","16","carreteras","97","3","sp1_P8E","POST","trill","3","sp1"
"1159","17","carreteras","25","1 True","sp1_P8E","POST","tap","1","sp1"
"1160","18","para","25","1 True","sp1_P8E","POST","tap","1","sp1"
"1161","19","carros","98","3","sp1_P8E","POST","trill","3","sp1"
"1162","20","carrozas","118","3","sp1_P8E","POST","trill","3","sp1"
"1163","21","rotundo ","97","3","sp1_P8E","POST","trill","3","sp1"
"1164","22","productor","23","1 True","sp1_P8E","POST","tap","1","sp1"
"1165","23","materia","27","1 True","sp1_P8E","POST","tap","1","sp1"
"1166","24","relevante","77","1","sp1_P8E","POST","trill","1","sp1"
"1167","25","minería","20","1 True","sp1_P8E","POST","tap","1","sp1"
"1168","26","por","24","1 True","sp1_P8E","POST","tap","1","sp1"
"1169","1","norte","27","1 True","sp1_P8E","POST","tap","1","sp1"
"1170","2","acerca","25","1 True","sp1_P8E","POST","tap","1","sp1"
"1171","3","sería","20","1 True","sp1_P8E","POST","tap","1","sp1"
"1172","4","fuerte","17","1 True","sp1_P8E","POST","tap","1","sp1"
"1173","5","repente","114","3","sp1_P8E","POST","trill","3","sp1"
"1174","6","viajero","24","1 True","sp1_P8E","POST","tap","1","sp1"
"1175","7","verlo","27","1 True","sp1_P8E","POST","tap","1","sp1"
"1176","8","convinieron","26","1 True","sp1_P8E","POST","tap","1","sp1"
"1177","9","primero","26","1 True","sp1_P8E","POST","tap","1","sp1"
"1178","10","consiguiera","25","1 True","sp1_P8E","POST","tap","1","sp1"
"1179","11","quitarle","23","1 True","sp1_P8E","POST","tap","1","sp1"
"1180","12","seria","24","1 True","sp1_P8E","POST","tap","1","sp1"
"1181","13","fuerte","16","1 True","sp1_P8E","POST","tap","1","sp1"
"1182","14","norte","23","approximant","sp1_P8E","POST","tap","a","sp1"
"1183","15","soplar","28","1 True","sp1_P8E","POST","tap","1","sp1"
"1184","16","furia","24","1 True","sp1_P8E","POST","tap","1","sp1"
"1185","17","pero","20","1 True","sp1_P8E","POST","tap","1","sp1"
"1186","18","aferraba","118","3","sp1_P8E","POST","trill","3","sp1"
"1187","19","norte","19","1 True","sp1_P8E","POST","tap","1","sp1"
"1188","20","esplendor ","19","1 True","sp1_P8E","POST","tap","1","sp1"
"1189","21","arrojó","90","3","sp1_P8E","POST","trill","3","sp1"
"1190","22","norte","19","1 True","sp1_P8E","POST","tap","1","sp1"
"1191","23","reconocer","106","2","sp1_P8E","POST","trill","2","sp1"
"1192","24","reconocer","25","approximant","sp1_P8E","POST","tap","a","sp1"
"1193","1","Roberto","39","1","sp1_P8E","PRE","trill","1","sp1"
"1194","2","Roberto","20","1 True","sp1_P8E","PRE","tap","1","sp1"
"1195","3","para","29","1 True","sp1_P8E","PRE","tap","1","sp1"
"1196","4","América","21","1 True","sp1_P8E","PRE","tap","1","sp1"
"1197","5","Caribe","24","1 True","sp1_P8E","PRE","tap","1","sp1"
"1198","6","pérdida","25","1 True","sp1_P8E","PRE","tap","1","sp1"
"1199","7","región","32","1","sp1_P8E","PRE","trill","1","sp1"
"1200","8","relacionada","31","1","sp1_P8E","PRE","trill","1","sp1"
"1201","9","rápida","39","1","sp1_P8E","PRE","trill","1","sp1"
"1202","10","tierras","34","1","sp1_P8E","PRE","trill","1","sp1"
"1203","11","para","28","1 True","sp1_P8E","PRE","tap","1","sp1"
"1204","12","pérdida","55","approximant","sp1_P8E","PRE","tap","a","sp1"
"1205","13","desarrollo","70","2","sp1_P8E","PRE","trill","2","sp1"
"1206","14","infraestructura","44","approximant","sp1_P8E","PRE","tap","a","sp1"
"1207","15","relacionada","47","1","sp1_P8E","PRE","trill","1","sp1"
"1208","16","carreteras","109","3","sp1_P8E","PRE","trill","3","sp1"
"1209","17","carreteras","26","1 True","sp1_P8E","PRE","tap","1","sp1"
"1210","18","para","26","1 True","sp1_P8E","PRE","tap","1","sp1"
"1211","19","carros","66","2","sp1_P8E","PRE","trill","2","sp1"
"1212","20","carrozas","80","2","sp1_P8E","PRE","trill","2","sp1"
"1213","21","rotundo ","24","1","sp1_P8E","PRE","trill","1","sp1"
"1214","22","productor","25","1 True","sp1_P8E","PRE","tap","1","sp1"
"1215","23","materia","39","1 True","sp1_P8E","PRE","tap","1","sp1"
"1216","24","relevante","58","0","sp1_P8E","PRE","trill","0","sp1"
"1217","25","minería","31","approximant","sp1_P8E","PRE","tap","a","sp1"
"1218","26","por","64","approximant","sp1_P8E","PRE","tap","a","sp1"
"1219","1","norte","31","1 True","sp1_P8E","PRE","tap","1","sp1"
"1220","2","acerca","31","1 True","sp1_P8E","PRE","tap","1","sp1"
"1221","3","sería","32","approximant","sp1_P8E","PRE","tap","a","sp1"
"1222","4","fuerte","21","1 True","sp1_P8E","PRE","tap","1","sp1"
"1223","5","repente","27","1","sp1_P8E","PRE","trill","1","sp1"
"1224","6","viajero","29","1 True","sp1_P8E","PRE","tap","1","sp1"
"1225","7","verlo","34","approximant","sp1_P8E","PRE","tap","a","sp1"
"1226","8","convinieron","42","approximant","sp1_P8E","PRE","tap","a","sp1"
"1227","9","primero","29","1 True","sp1_P8E","PRE","tap","1","sp1"
"1228","10","consiguiera","28","1 True","sp1_P8E","PRE","tap","1","sp1"
"1229","11","quitarle","74","approximant","sp1_P8E","PRE","tap","a","sp1"
"1230","12","seria","32","approximant","sp1_P8E","PRE","tap","a","sp1"
"1231","13","fuerte","34","approximant","sp1_P8E","PRE","tap","a","sp1"
"1232","14","norte","32","approximant","sp1_P8E","PRE","tap","a","sp1"
"1233","15","soplar","27","1 True","sp1_P8E","PRE","tap","1","sp1"
"1234","16","furia","35","approximant","sp1_P8E","PRE","tap","a","sp1"
"1235","17","pero","21","1 True","sp1_P8E","PRE","tap","1","sp1"
"1236","18","aferraba","63","2","sp1_P8E","PRE","trill","2","sp1"
"1237","19","norte","20","1 True","sp1_P8E","PRE","tap","1","sp1"
"1238","20","esplendor ","42","approximant","sp1_P8E","PRE","tap","a","sp1"
"1239","21","arrojó","67","2","sp1_P8E","PRE","trill","2","sp1"
"1240","22","norte","30","1 True","sp1_P8E","PRE","tap","1","sp1"
